-- MySQL dump 10.13  Distrib 8.0.28, for Win64 (x86_64)
--
-- Host: stylishshop.cqrmkf07klla.ap-northeast-2.rds.amazonaws.com    Database: chilltalk
-- ------------------------------------------------------
-- Server version	8.0.28

/*!40101 SET @OLD_CHARACTER_SET_CLIENT=@@CHARACTER_SET_CLIENT */;
/*!40101 SET @OLD_CHARACTER_SET_RESULTS=@@CHARACTER_SET_RESULTS */;
/*!40101 SET @OLD_COLLATION_CONNECTION=@@COLLATION_CONNECTION */;
/*!50503 SET NAMES utf8 */;
/*!40103 SET @OLD_TIME_ZONE=@@TIME_ZONE */;
/*!40103 SET TIME_ZONE='+00:00' */;
/*!40014 SET @OLD_UNIQUE_CHECKS=@@UNIQUE_CHECKS, UNIQUE_CHECKS=0 */;
/*!40014 SET @OLD_FOREIGN_KEY_CHECKS=@@FOREIGN_KEY_CHECKS, FOREIGN_KEY_CHECKS=0 */;
/*!40101 SET @OLD_SQL_MODE=@@SQL_MODE, SQL_MODE='NO_AUTO_VALUE_ON_ZERO' */;
/*!40111 SET @OLD_SQL_NOTES=@@SQL_NOTES, SQL_NOTES=0 */;
-- SET @MYSQLDUMP_TEMP_LOG_BIN = @@SESSION.SQL_LOG_BIN;
-- SET @@SESSION.SQL_LOG_BIN= 0;

--
-- GTID state at the beginning of the backup 
--

-- SET @@GLOBAL.GTID_PURGED=/*!80000 '+'*/ '';

--
-- Table structure for table `channels`
--

DROP TABLE IF EXISTS `channels`;
/*!40101 SET @saved_cs_client     = @@character_set_client */;
/*!50503 SET character_set_client = utf8mb4 */;
CREATE TABLE `channels` (
  `id` int unsigned NOT NULL AUTO_INCREMENT,
  `type` varchar(10) NOT NULL COMMENT 'text or voice',
  `name` varchar(255) NOT NULL,
  `room_id` int NOT NULL,
  PRIMARY KEY (`id`)
) ENGINE=InnoDB AUTO_INCREMENT=6 DEFAULT CHARSET=utf8mb4 COLLATE=utf8mb4_0900_ai_ci;
/*!40101 SET character_set_client = @saved_cs_client */;

--
-- Dumping data for table `channels`
--

LOCK TABLES `channels` WRITE;
/*!40000 ALTER TABLE `channels` DISABLE KEYS */;
INSERT INTO `channels` VALUES (1,'text','for loop',1),(2,'voice','Voice',2),(3,'text','1/5',3),(4,'text','1/6',4),(5,'text','1/7',5);
/*!40000 ALTER TABLE `channels` ENABLE KEYS */;
UNLOCK TABLES;

--
-- Table structure for table `friends`
--

DROP TABLE IF EXISTS `friends`;
/*!40101 SET @saved_cs_client     = @@character_set_client */;
/*!50503 SET character_set_client = utf8mb4 */;
CREATE TABLE `friends` (
  `id` int unsigned NOT NULL AUTO_INCREMENT,
  `user_id` int NOT NULL,
  `friend_id` int NOT NULL,
  `status` varchar(255) NOT NULL COMMENT 'OK, waiting, block',
  `room_id` int DEFAULT NULL,
  `channel_id` varchar(45) DEFAULT NULL,
  PRIMARY KEY (`id`)
) ENGINE=InnoDB AUTO_INCREMENT=7 DEFAULT CHARSET=utf8mb4 COLLATE=utf8mb4_0900_ai_ci;
/*!40101 SET character_set_client = @saved_cs_client */;

--
-- Dumping data for table `friends`
--

LOCK TABLES `friends` WRITE;
/*!40000 ALTER TABLE `friends` DISABLE KEYS */;
INSERT INTO `friends` VALUES (1,5,1,'OK',3,'3'),(2,1,5,'OK',3,'3'),(3,6,1,'OK',4,'4'),(4,1,6,'OK',4,'4'),(5,7,1,'OK',5,'5'),(6,1,7,'OK',5,'5');
/*!40000 ALTER TABLE `friends` ENABLE KEYS */;
UNLOCK TABLES;

--
-- Table structure for table `likes`
--

DROP TABLE IF EXISTS `likes`;
/*!40101 SET @saved_cs_client     = @@character_set_client */;
/*!50503 SET character_set_client = utf8mb4 */;
CREATE TABLE `likes` (
  `id` int NOT NULL AUTO_INCREMENT,
  `user_id` int NOT NULL,
  `message_id` int NOT NULL,
  PRIMARY KEY (`id`)
) ENGINE=InnoDB DEFAULT CHARSET=utf8mb4 COLLATE=utf8mb4_0900_ai_ci;
/*!40101 SET character_set_client = @saved_cs_client */;

--
-- Dumping data for table `likes`
--

LOCK TABLES `likes` WRITE;
/*!40000 ALTER TABLE `likes` DISABLE KEYS */;
/*!40000 ALTER TABLE `likes` ENABLE KEYS */;
UNLOCK TABLES;

--
-- Table structure for table `mentions`
--

DROP TABLE IF EXISTS `mentions`;
/*!40101 SET @saved_cs_client     = @@character_set_client */;
/*!50503 SET character_set_client = utf8mb4 */;
CREATE TABLE `mentions` (
  `id` int unsigned NOT NULL AUTO_INCREMENT,
  `message_id` int NOT NULL,
  `user_id` int NOT NULL,
  `role` varchar(255) NOT NULL COMMENT 'member or host',
  PRIMARY KEY (`id`)
) ENGINE=InnoDB DEFAULT CHARSET=utf8mb4 COLLATE=utf8mb4_0900_ai_ci;
/*!40101 SET character_set_client = @saved_cs_client */;

--
-- Dumping data for table `mentions`
--

LOCK TABLES `mentions` WRITE;
/*!40000 ALTER TABLE `mentions` DISABLE KEYS */;
/*!40000 ALTER TABLE `mentions` ENABLE KEYS */;
UNLOCK TABLES;

--
-- Table structure for table `message_contents`
--

DROP TABLE IF EXISTS `message_contents`;
/*!40101 SET @saved_cs_client     = @@character_set_client */;
/*!50503 SET character_set_client = utf8mb4 */;
CREATE TABLE `message_contents` (
  `id` int unsigned NOT NULL AUTO_INCREMENT,
  `message_id` int NOT NULL,
  `type` varchar(255) NOT NULL COMMENT 'text or picture or voice',
  `description` varchar(255) NOT NULL COMMENT 'text content or url',
  `time` bigint NOT NULL COMMENT 'latest update time',
  PRIMARY KEY (`id`)
) ENGINE=InnoDB AUTO_INCREMENT=1019 DEFAULT CHARSET=utf8mb4 COLLATE=utf8mb4_0900_ai_ci;
/*!40101 SET character_set_client = @saved_cs_client */;

--
-- Dumping data for table `message_contents`
--

LOCK TABLES `message_contents` WRITE;
/*!40000 ALTER TABLE `message_contents` DISABLE KEYS */;
INSERT INTO `message_contents` VALUES (1,1,'text','0',1658040737355),(2,2,'text','1',1658040738055),(3,3,'text','2',1658040738755),(4,4,'text','3',1658040739455),(5,5,'text','4',1658040740155),(6,6,'text','5',1658040740855),(7,7,'text','6',1658040741555),(8,8,'text','7',1658040742255),(9,9,'text','8',1658040742955),(10,10,'text','9',1658040743655),(11,11,'text','10',1658040744355),(12,12,'text','11',1658040745055),(13,13,'text','12',1658040745755),(14,14,'text','13',1658040746455),(15,15,'text','14',1658040747155),(16,16,'text','15',1658040747855),(17,17,'text','16',1658040748555),(18,18,'text','17',1658040749255),(19,19,'text','18',1658040749955),(20,20,'text','19',1658040750655),(21,21,'text','20',1658040751355),(22,22,'text','21',1658040752055),(23,23,'text','22',1658040752755),(24,24,'text','23',1658040753455),(25,25,'text','24',1658040754155),(26,26,'text','25',1658040754855),(27,27,'text','26',1658040755555),(28,28,'text','27',1658040756255),(29,29,'text','28',1658040756955),(30,30,'text','29',1658040757655),(31,31,'text','30',1658040758355),(32,32,'text','31',1658040759055),(33,33,'text','32',1658040759755),(34,34,'text','33',1658040760455),(35,35,'text','34',1658040761155),(36,36,'text','35',1658040761855),(37,37,'text','36',1658040762555),(38,38,'text','37',1658040763255),(39,39,'text','38',1658040763955),(40,40,'text','39',1658040764655),(41,41,'text','40',1658040765355),(42,42,'text','41',1658040766055),(43,43,'text','42',1658040766755),(44,44,'text','43',1658040767455),(45,45,'text','44',1658040768155),(46,46,'text','45',1658040768855),(47,47,'text','46',1658040769555),(48,48,'text','47',1658040770255),(49,49,'text','48',1658040770955),(50,50,'text','49',1658040771655),(51,51,'text','50',1658040772355),(52,52,'text','51',1658040773055),(53,53,'text','52',1658040773755),(54,54,'text','53',1658040774455),(55,55,'text','54',1658040775155),(56,56,'text','55',1658040775855),(57,57,'text','56',1658040776555),(58,58,'text','57',1658040777255),(59,59,'text','58',1658040777955),(60,60,'text','59',1658040778655),(61,61,'text','60',1658040779355),(62,62,'text','61',1658040780055),(63,63,'text','62',1658040780755),(64,64,'text','63',1658040781455),(65,65,'text','64',1658040782155),(66,66,'text','65',1658040782855),(67,67,'text','66',1658040783555),(68,68,'text','67',1658040784255),(69,69,'text','68',1658040784955),(70,70,'text','69',1658040785655),(71,71,'text','70',1658040786355),(72,72,'text','71',1658040787055),(73,73,'text','72',1658040787755),(74,74,'text','73',1658040788455),(75,75,'text','74',1658040789155),(76,76,'text','75',1658040789855),(77,77,'text','76',1658040790555),(78,78,'text','77',1658040791255),(79,79,'text','78',1658040791955),(80,80,'text','79',1658040792655),(81,81,'text','80',1658040793355),(82,82,'text','81',1658040794055),(83,83,'text','82',1658040794755),(84,84,'text','83',1658040795455),(85,85,'text','84',1658040796155),(86,86,'text','85',1658040796855),(87,87,'text','86',1658040797555),(88,88,'text','87',1658040798255),(89,89,'text','88',1658040798955),(90,90,'text','89',1658040799655),(91,91,'text','90',1658040800355),(92,92,'text','91',1658040801055),(93,93,'text','92',1658040801755),(94,94,'text','93',1658040802455),(95,95,'text','94',1658040803155),(96,96,'text','95',1658040803855),(97,97,'text','96',1658040804555),(98,98,'text','97',1658040805255),(99,99,'text','98',1658040805955),(100,100,'text','99',1658040806655),(101,101,'text','100',1658040807355),(102,102,'text','101',1658040808055),(103,103,'text','102',1658040808755),(104,104,'text','103',1658040809455),(105,105,'text','104',1658040810155),(106,106,'text','105',1658040810855),(107,107,'text','106',1658040811555),(108,108,'text','107',1658040812255),(109,109,'text','108',1658040812955),(110,110,'text','109',1658040813655),(111,111,'text','110',1658040814355),(112,112,'text','111',1658040815055),(113,113,'text','112',1658040815755),(114,114,'text','113',1658040816455),(115,115,'text','114',1658040817155),(116,116,'text','115',1658040817855),(117,117,'text','116',1658040818555),(118,118,'text','117',1658040819255),(119,119,'text','118',1658040819955),(120,120,'text','119',1658040820655),(121,121,'text','120',1658040821355),(122,122,'text','121',1658040822055),(123,123,'text','122',1658040822755),(124,124,'text','123',1658040823455),(125,125,'text','124',1658040824155),(126,126,'text','125',1658040824855),(127,127,'text','126',1658040825555),(128,128,'text','127',1658040826255),(129,129,'text','128',1658040826955),(130,130,'text','129',1658040827655),(131,131,'text','130',1658040828355),(132,132,'text','131',1658040829055),(133,133,'text','132',1658040829755),(134,134,'text','133',1658040830455),(135,135,'text','134',1658040831155),(136,136,'text','135',1658040831855),(137,137,'text','136',1658040832555),(138,138,'text','137',1658040833255),(139,139,'text','138',1658040833955),(140,140,'text','139',1658040834655),(141,141,'text','140',1658040835355),(142,142,'text','141',1658040836055),(143,143,'text','142',1658040836755),(144,144,'text','143',1658040837455),(145,145,'text','144',1658040838155),(146,146,'text','145',1658040838855),(147,147,'text','146',1658040839555),(148,148,'text','147',1658040840255),(149,149,'text','148',1658040840955),(150,150,'text','149',1658040841655),(151,151,'text','150',1658040842355),(152,152,'text','151',1658040843055),(153,153,'text','152',1658040843755),(154,154,'text','153',1658040844455),(155,155,'text','154',1658040845155),(156,156,'text','155',1658040845855),(157,157,'text','156',1658040846555),(158,158,'text','157',1658040847255),(159,159,'text','158',1658040847955),(160,160,'text','159',1658040848655),(161,161,'text','160',1658040849355),(162,162,'text','161',1658040850055),(163,163,'text','162',1658040850755),(164,164,'text','163',1658040851455),(165,165,'text','164',1658040852155),(166,166,'text','165',1658040852855),(167,167,'text','166',1658040853555),(168,168,'text','167',1658040854255),(169,169,'text','168',1658040854955),(170,170,'text','169',1658040855655),(171,171,'text','170',1658040856355),(172,172,'text','171',1658040857055),(173,173,'text','172',1658040857755),(174,174,'text','173',1658040858455),(175,175,'text','174',1658040859155),(176,176,'text','175',1658040859855),(177,177,'text','176',1658040860555),(178,178,'text','177',1658040861255),(179,179,'text','178',1658040861955),(180,180,'text','179',1658040862655),(181,181,'text','180',1658040863355),(182,182,'text','181',1658040864055),(183,183,'text','182',1658040864755),(184,184,'text','183',1658040865455),(185,185,'text','184',1658040866155),(186,186,'text','185',1658040866855),(187,187,'text','186',1658040867555),(188,188,'text','187',1658040868255),(189,189,'text','188',1658040868955),(190,190,'text','189',1658040869655),(191,191,'text','190',1658040870355),(192,192,'text','191',1658040871055),(193,193,'text','192',1658040871755),(194,194,'text','193',1658040872455),(195,195,'text','194',1658040873155),(196,196,'text','195',1658040873855),(197,197,'text','196',1658040874555),(198,198,'text','197',1658040875255),(199,199,'text','198',1658040875955),(200,200,'text','199',1658040876655),(201,201,'text','200',1658040877355),(202,202,'text','201',1658040878055),(203,203,'text','202',1658040878755),(204,204,'text','203',1658040879455),(205,205,'text','204',1658040880155),(206,206,'text','205',1658040880855),(207,207,'text','206',1658040881555),(208,208,'text','207',1658040882255),(209,209,'text','208',1658040882955),(210,210,'text','209',1658040883655),(211,211,'text','210',1658040884355),(212,212,'text','211',1658040885055),(213,213,'text','212',1658040885755),(214,214,'text','213',1658040886455),(215,215,'text','214',1658040887155),(216,216,'text','215',1658040887855),(217,217,'text','216',1658040888555),(218,218,'text','217',1658040889255),(219,219,'text','218',1658040889955),(220,220,'text','219',1658040890655),(221,221,'text','220',1658040891355),(222,222,'text','221',1658040892055),(223,223,'text','222',1658040892755),(224,224,'text','223',1658040893455),(225,225,'text','224',1658040894155),(226,226,'text','225',1658040894855),(227,227,'text','226',1658040895555),(228,228,'text','227',1658040896255),(229,229,'text','228',1658040896955),(230,230,'text','229',1658040897655),(231,231,'text','230',1658040898355),(232,232,'text','231',1658040899055),(233,233,'text','232',1658040899755),(234,234,'text','233',1658040900455),(235,235,'text','234',1658040901155),(236,236,'text','235',1658040901855),(237,237,'text','236',1658040902555),(238,238,'text','237',1658040903255),(239,239,'text','238',1658040903955),(240,240,'text','239',1658040904655),(241,241,'text','240',1658040905355),(242,242,'text','241',1658040906055),(243,243,'text','242',1658040906755),(244,244,'text','243',1658040907455),(245,245,'text','244',1658040908155),(246,246,'text','245',1658040908855),(247,247,'text','246',1658040909555),(248,248,'text','247',1658040910255),(249,249,'text','248',1658040910955),(250,250,'text','249',1658040911655),(251,251,'text','250',1658040912355),(252,252,'text','251',1658040913055),(253,253,'text','252',1658040913755),(254,254,'text','253',1658040914455),(255,255,'text','254',1658040915155),(256,256,'text','255',1658040915855),(257,257,'text','256',1658040916555),(258,258,'text','257',1658040917255),(259,259,'text','258',1658040917955),(260,260,'text','259',1658040918655),(261,261,'text','260',1658040919355),(262,262,'text','261',1658040920055),(263,263,'text','262',1658040920755),(264,264,'text','263',1658040921455),(265,265,'text','264',1658040922155),(266,266,'text','265',1658040922855),(267,267,'text','266',1658040923555),(268,268,'text','267',1658040924255),(269,269,'text','268',1658040924955),(270,270,'text','269',1658040925655),(271,271,'text','270',1658040926355),(272,272,'text','271',1658040927055),(273,273,'text','272',1658040927755),(274,274,'text','273',1658040928455),(275,275,'text','274',1658040929155),(276,276,'text','275',1658040929855),(277,277,'text','276',1658040930555),(278,278,'text','277',1658040931255),(279,279,'text','278',1658040931955),(280,280,'text','279',1658040932655),(281,281,'text','280',1658040933355),(282,282,'text','281',1658040934055),(283,283,'text','282',1658040934755),(284,284,'text','283',1658040935455),(285,285,'text','284',1658040936155),(286,286,'text','285',1658040936855),(287,287,'text','286',1658040937555),(288,288,'text','287',1658040938255),(289,289,'text','288',1658040938955),(290,290,'text','289',1658040939655),(291,291,'text','290',1658040940355),(292,292,'text','291',1658040941055),(293,293,'text','292',1658040941755),(294,294,'text','293',1658040942455),(295,295,'text','294',1658040943155),(296,296,'text','295',1658040943855),(297,297,'text','296',1658040944555),(298,298,'text','297',1658040945255),(299,299,'text','298',1658040945955),(300,300,'text','299',1658040946655),(301,301,'text','300',1658040947355),(302,302,'text','301',1658040948055),(303,303,'text','302',1658040948755),(304,304,'text','303',1658040949455),(305,305,'text','304',1658040950155),(306,306,'text','305',1658040950855),(307,307,'text','306',1658040951555),(308,308,'text','307',1658040952255),(309,309,'text','308',1658040952955),(310,310,'text','309',1658040953655),(311,311,'text','310',1658040954355),(312,312,'text','311',1658040955055),(313,313,'text','312',1658040955755),(314,314,'text','313',1658040956455),(315,315,'text','314',1658040957155),(316,316,'text','315',1658040957855),(317,317,'text','316',1658040958555),(318,318,'text','317',1658040959255),(319,319,'text','318',1658040959955),(320,320,'text','319',1658040960655),(321,321,'text','320',1658040961355),(322,322,'text','321',1658040962055),(323,323,'text','322',1658040962755),(324,324,'text','323',1658040963455),(325,325,'text','324',1658040964155),(326,326,'text','325',1658040964855),(327,327,'text','326',1658040965555),(328,328,'text','327',1658040966255),(329,329,'text','328',1658040966955),(330,330,'text','329',1658040967655),(331,331,'text','330',1658040968355),(332,332,'text','331',1658040969055),(333,333,'text','332',1658040969755),(334,334,'text','333',1658040970455),(335,335,'text','334',1658040971155),(336,336,'text','335',1658040971855),(337,337,'text','336',1658040972555),(338,338,'text','337',1658040973255),(339,339,'text','338',1658040973955),(340,340,'text','339',1658040974655),(341,341,'text','340',1658040975355),(342,342,'text','341',1658040976055),(343,343,'text','342',1658040976755),(344,344,'text','343',1658040977455),(345,345,'text','344',1658040978155),(346,346,'text','345',1658040978855),(347,347,'text','346',1658040979555),(348,348,'text','347',1658040980255),(349,349,'text','348',1658040980955),(350,350,'text','349',1658040981655),(351,351,'text','350',1658040982355),(352,352,'text','351',1658040983055),(353,353,'text','352',1658040983755),(354,354,'text','353',1658040984455),(355,355,'text','354',1658040985155),(356,356,'text','355',1658040985855),(357,357,'text','356',1658040986555),(358,358,'text','357',1658040987255),(359,359,'text','358',1658040987955),(360,360,'text','359',1658040988655),(361,361,'text','360',1658040989355),(362,362,'text','361',1658040990055),(363,363,'text','362',1658040990755),(364,364,'text','363',1658040991455),(365,365,'text','364',1658040992155),(366,366,'text','365',1658040992855),(367,367,'text','366',1658040993555),(368,368,'text','367',1658040994255),(369,369,'text','368',1658040994955),(370,370,'text','369',1658040995655),(371,371,'text','370',1658040996355),(372,372,'text','371',1658040997055),(373,373,'text','372',1658040997755),(374,374,'text','373',1658040998455),(375,375,'text','374',1658040999155),(376,376,'text','375',1658040999855),(377,377,'text','376',1658041000555),(378,378,'text','377',1658041001255),(379,379,'text','378',1658041001955),(380,380,'text','379',1658041002655),(381,381,'text','380',1658041003355),(382,382,'text','381',1658041004055),(383,383,'text','382',1658041004755),(384,384,'text','383',1658041005455),(385,385,'text','384',1658041006155),(386,386,'text','385',1658041006855),(387,387,'text','386',1658041007555),(388,388,'text','387',1658041008255),(389,389,'text','388',1658041008955),(390,390,'text','389',1658041009655),(391,391,'text','390',1658041010355),(392,392,'text','391',1658041011055),(393,393,'text','392',1658041011755),(394,394,'text','393',1658041012455),(395,395,'text','394',1658041013155),(396,396,'text','395',1658041013855),(397,397,'text','396',1658041014555),(398,398,'text','397',1658041015255),(399,399,'text','398',1658041015955),(400,400,'text','399',1658041016655),(401,401,'text','400',1658041017355),(402,402,'text','401',1658041018055),(403,403,'text','402',1658041018755),(404,404,'text','403',1658041019455),(405,405,'text','404',1658041020155),(406,406,'text','405',1658041020855),(407,407,'text','406',1658041021555),(408,408,'text','407',1658041022255),(409,409,'text','408',1658041022955),(410,410,'text','409',1658041023655),(411,411,'text','410',1658041024355),(412,412,'text','411',1658041025055),(413,413,'text','412',1658041025755),(414,414,'text','413',1658041026455),(415,415,'text','414',1658041027155),(416,416,'text','415',1658041027855),(417,417,'text','416',1658041028555),(418,418,'text','417',1658041029255),(419,419,'text','418',1658041029955),(420,420,'text','419',1658041030655),(421,421,'text','420',1658041031355),(422,422,'text','421',1658041032055),(423,423,'text','422',1658041032755),(424,424,'text','423',1658041033455),(425,425,'text','424',1658041034155),(426,426,'text','425',1658041034855),(427,427,'text','426',1658041035555),(428,428,'text','427',1658041036255),(429,429,'text','428',1658041036955),(430,430,'text','429',1658041037655),(431,431,'text','430',1658041038355),(432,432,'text','431',1658041039055),(433,433,'text','432',1658041039755),(434,434,'text','433',1658041040455),(435,435,'text','434',1658041041155),(436,436,'text','435',1658041041855),(437,437,'text','436',1658041042555),(438,438,'text','437',1658041043255),(439,439,'text','438',1658041043955),(440,440,'text','439',1658041044655),(441,441,'text','440',1658041045355),(442,442,'text','441',1658041046055),(443,443,'text','442',1658041046755),(444,444,'text','443',1658041047455),(445,445,'text','444',1658041048155),(446,446,'text','445',1658041048855),(447,447,'text','446',1658041049555),(448,448,'text','447',1658041050255),(449,449,'text','448',1658041050955),(450,450,'text','449',1658041051655),(451,451,'text','450',1658041052355),(452,452,'text','451',1658041053055),(453,453,'text','452',1658041053755),(454,454,'text','453',1658041054455),(455,455,'text','454',1658041055155),(456,456,'text','455',1658041055855),(457,457,'text','456',1658041056555),(458,458,'text','457',1658041057255),(459,459,'text','458',1658041057955),(460,460,'text','459',1658041058655),(461,461,'text','460',1658041059355),(462,462,'text','461',1658041060055),(463,463,'text','462',1658041060755),(464,464,'text','463',1658041061455),(465,465,'text','464',1658041062155),(466,466,'text','465',1658041062855),(467,467,'text','466',1658041063555),(468,468,'text','467',1658041064255),(469,469,'text','468',1658041064955),(470,470,'text','469',1658041065655),(471,471,'text','470',1658041066355),(472,472,'text','471',1658041067055),(473,473,'text','472',1658041067755),(474,474,'text','473',1658041068455),(475,475,'text','474',1658041069155),(476,476,'text','475',1658041069855),(477,477,'text','476',1658041070555),(478,478,'text','477',1658041071255),(479,479,'text','478',1658041071955),(480,480,'text','479',1658041072655),(481,481,'text','480',1658041073355),(482,482,'text','481',1658041074055),(483,483,'text','482',1658041074755),(484,484,'text','483',1658041075455),(485,485,'text','484',1658041076155),(486,486,'text','485',1658041076855),(487,487,'text','486',1658041077555),(488,488,'text','487',1658041078255),(489,489,'text','488',1658041078955),(490,490,'text','489',1658041079655),(491,491,'text','490',1658041080355),(492,492,'text','491',1658041081055),(493,493,'text','492',1658041081755),(494,494,'text','493',1658041082455),(495,495,'text','494',1658041083155),(496,496,'text','495',1658041083855),(497,497,'text','496',1658041084555),(498,498,'text','497',1658041085255),(499,499,'text','498',1658041085955),(500,500,'text','499',1658041086655),(501,501,'text','500',1658041087355),(502,502,'text','501',1658041088055),(503,503,'text','502',1658041088755),(504,504,'text','503',1658041089455),(505,505,'text','504',1658041090155),(506,506,'text','505',1658041090855),(507,507,'text','506',1658041091555),(508,508,'text','507',1658041092255),(509,509,'text','508',1658041092955),(510,510,'text','509',1658041093655),(511,511,'text','510',1658041094355),(512,512,'text','511',1658041095055),(513,513,'text','512',1658041095755),(514,514,'text','513',1658041096455),(515,515,'text','514',1658041097155),(516,516,'text','515',1658041097855),(517,517,'text','516',1658041098555),(518,518,'text','517',1658041099255),(519,519,'text','518',1658041099955),(520,520,'text','519',1658041100655),(521,521,'text','520',1658041101355),(522,522,'text','521',1658041102055),(523,523,'text','522',1658041102755),(524,524,'text','523',1658041103455),(525,525,'text','524',1658041104155),(526,526,'text','525',1658041104855),(527,527,'text','526',1658041105555),(528,528,'text','527',1658041106255),(529,529,'text','528',1658041106955),(530,530,'text','529',1658041107655),(531,531,'text','530',1658041108355),(532,532,'text','531',1658041109055),(533,533,'text','532',1658041109755),(534,534,'text','533',1658041110455),(535,535,'text','534',1658041111155),(536,536,'text','535',1658041111855),(537,537,'text','536',1658041112555),(538,538,'text','537',1658041113255),(539,539,'text','538',1658041113955),(540,540,'text','539',1658041114655),(541,541,'text','540',1658041115355),(542,542,'text','541',1658041116055),(543,543,'text','542',1658041116755),(544,544,'text','543',1658041117455),(545,545,'text','544',1658041118155),(546,546,'text','545',1658041118855),(547,547,'text','546',1658041119555),(548,548,'text','547',1658041120255),(549,549,'text','548',1658041120955),(550,550,'text','549',1658041121655),(551,551,'text','550',1658041122355),(552,552,'text','551',1658041123055),(553,553,'text','552',1658041123755),(554,554,'text','553',1658041124455),(555,555,'text','554',1658041125155),(556,556,'text','555',1658041125855),(557,557,'text','556',1658041126555),(558,558,'text','557',1658041127255),(559,559,'text','558',1658041127955),(560,560,'text','559',1658041128655),(561,561,'text','560',1658041129355),(562,562,'text','561',1658041130055),(563,563,'text','562',1658041130755),(564,564,'text','563',1658041131455),(565,565,'text','564',1658041132155),(566,566,'text','565',1658041132855),(567,567,'text','566',1658041133555),(568,568,'text','567',1658041134255),(569,569,'text','568',1658041134955),(570,570,'text','569',1658041135655),(571,571,'text','570',1658041136355),(572,572,'text','571',1658041137055),(573,573,'text','572',1658041137755),(574,574,'text','573',1658041138455),(575,575,'text','574',1658041139155),(576,576,'text','575',1658041139855),(577,577,'text','576',1658041140555),(578,578,'text','577',1658041141255),(579,579,'text','578',1658041141955),(580,580,'text','579',1658041142655),(581,581,'text','580',1658041143355),(582,582,'text','581',1658041144055),(583,583,'text','582',1658041144755),(584,584,'text','583',1658041145455),(585,585,'text','584',1658041146155),(586,586,'text','585',1658041146855),(587,587,'text','586',1658041147555),(588,588,'text','587',1658041148255),(589,589,'text','588',1658041148955),(590,590,'text','589',1658041149655),(591,591,'text','590',1658041150355),(592,592,'text','591',1658041151055),(593,593,'text','592',1658041151755),(594,594,'text','593',1658041152455),(595,595,'text','594',1658041153155),(596,596,'text','595',1658041153855),(597,597,'text','596',1658041154555),(598,598,'text','597',1658041155255),(599,599,'text','598',1658041155955),(600,600,'text','599',1658041156655),(601,601,'text','600',1658041157355),(602,602,'text','601',1658041158055),(603,603,'text','602',1658041158755),(604,604,'text','603',1658041159455),(605,605,'text','604',1658041160155),(606,606,'text','605',1658041160855),(607,607,'text','606',1658041161555),(608,608,'text','607',1658041162255),(609,609,'text','608',1658041162955),(610,610,'text','609',1658041163655),(611,611,'text','610',1658041164355),(612,612,'text','611',1658041165055),(613,613,'text','612',1658041165755),(614,614,'text','613',1658041166455),(615,615,'text','614',1658041167155),(616,616,'text','615',1658041167855),(617,617,'text','616',1658041168555),(618,618,'text','617',1658041169255),(619,619,'text','618',1658041169955),(620,620,'text','619',1658041170655),(621,621,'text','620',1658041171355),(622,622,'text','621',1658041172055),(623,623,'text','622',1658041172755),(624,624,'text','623',1658041173455),(625,625,'text','624',1658041174155),(626,626,'text','625',1658041174855),(627,627,'text','626',1658041175555),(628,628,'text','627',1658041176255),(629,629,'text','628',1658041176955),(630,630,'text','629',1658041177655),(631,631,'text','630',1658041178355),(632,632,'text','631',1658041179055),(633,633,'text','632',1658041179755),(634,634,'text','633',1658041180455),(635,635,'text','634',1658041181155),(636,636,'text','635',1658041181855),(637,637,'text','636',1658041182555),(638,638,'text','637',1658041183255),(639,639,'text','638',1658041183955),(640,640,'text','639',1658041184655),(641,641,'text','640',1658041185355),(642,642,'text','641',1658041186055),(643,643,'text','642',1658041186755),(644,644,'text','643',1658041187455),(645,645,'text','644',1658041188155),(646,646,'text','645',1658041188855),(647,647,'text','646',1658041189555),(648,648,'text','647',1658041190255),(649,649,'text','648',1658041190955),(650,650,'text','649',1658041191655),(651,651,'text','650',1658041192355),(652,652,'text','651',1658041193055),(653,653,'text','652',1658041193755),(654,654,'text','653',1658041194455),(655,655,'text','654',1658041195155),(656,656,'text','655',1658041195855),(657,657,'text','656',1658041196555),(658,658,'text','657',1658041197255),(659,659,'text','658',1658041197955),(660,660,'text','659',1658041198655),(661,661,'text','660',1658041199355),(662,662,'text','661',1658041200055),(663,663,'text','662',1658041200755),(664,664,'text','663',1658041201455),(665,665,'text','664',1658041202155),(666,666,'text','665',1658041202855),(667,667,'text','666',1658041203555),(668,668,'text','667',1658041204255),(669,669,'text','668',1658041204955),(670,670,'text','669',1658041205655),(671,671,'text','670',1658041206355),(672,672,'text','671',1658041207055),(673,673,'text','672',1658041207755),(674,674,'text','673',1658041208455),(675,675,'text','674',1658041209155),(676,676,'text','675',1658041209855),(677,677,'text','676',1658041210555),(678,678,'text','677',1658041211255),(679,679,'text','678',1658041211955),(680,680,'text','679',1658041212655),(681,681,'text','680',1658041213355),(682,682,'text','681',1658041214055),(683,683,'text','682',1658041214755),(684,684,'text','683',1658041215455),(685,685,'text','684',1658041216155),(686,686,'text','685',1658041216855),(687,687,'text','686',1658041217555),(688,688,'text','687',1658041218255),(689,689,'text','688',1658041218955),(690,690,'text','689',1658041219655),(691,691,'text','690',1658041220355),(692,692,'text','691',1658041221055),(693,693,'text','692',1658041221755),(694,694,'text','693',1658041222455),(695,695,'text','694',1658041223155),(696,696,'text','695',1658041223855),(697,697,'text','696',1658041224555),(698,698,'text','697',1658041225255),(699,699,'text','698',1658041225955),(700,700,'text','699',1658041226655),(701,701,'text','700',1658041227355),(702,702,'text','701',1658041228055),(703,703,'text','702',1658041228755),(704,704,'text','703',1658041229455),(705,705,'text','704',1658041230155),(706,706,'text','705',1658041230855),(707,707,'text','706',1658041231555),(708,708,'text','707',1658041232255),(709,709,'text','708',1658041232955),(710,710,'text','709',1658041233655),(711,711,'text','710',1658041234355),(712,712,'text','711',1658041235055),(713,713,'text','712',1658041235755),(714,714,'text','713',1658041236455),(715,715,'text','714',1658041237155),(716,716,'text','715',1658041237855),(717,717,'text','716',1658041238555),(718,718,'text','717',1658041239255),(719,719,'text','718',1658041239955),(720,720,'text','719',1658041240655),(721,721,'text','720',1658041241355),(722,722,'text','721',1658041242055),(723,723,'text','722',1658041242755),(724,724,'text','723',1658041243455),(725,725,'text','724',1658041244155),(726,726,'text','725',1658041244855),(727,727,'text','726',1658041245555),(728,728,'text','727',1658041246255),(729,729,'text','728',1658041246955),(730,730,'text','729',1658041247655),(731,731,'text','730',1658041248355),(732,732,'text','731',1658041249055),(733,733,'text','732',1658041249755),(734,734,'text','733',1658041250455),(735,735,'text','734',1658041251155),(736,736,'text','735',1658041251855),(737,737,'text','736',1658041252555),(738,738,'text','737',1658041253255),(739,739,'text','738',1658041253955),(740,740,'text','739',1658041254655),(741,741,'text','740',1658041255355),(742,742,'text','741',1658041256055),(743,743,'text','742',1658041256755),(744,744,'text','743',1658041257455),(745,745,'text','744',1658041258155),(746,746,'text','745',1658041258855),(747,747,'text','746',1658041259555),(748,748,'text','747',1658041260255),(749,749,'text','748',1658041260955),(750,750,'text','749',1658041261655),(751,751,'text','750',1658041262355),(752,752,'text','751',1658041263055),(753,753,'text','752',1658041263755),(754,754,'text','753',1658041264455),(755,755,'text','754',1658041265155),(756,756,'text','755',1658041265855),(757,757,'text','756',1658041266555),(758,758,'text','757',1658041267255),(759,759,'text','758',1658041267955),(760,760,'text','759',1658041268655),(761,761,'text','760',1658041269355),(762,762,'text','761',1658041270055),(763,763,'text','762',1658041270755),(764,764,'text','763',1658041271455),(765,765,'text','764',1658041272155),(766,766,'text','765',1658041272855),(767,767,'text','766',1658041273555),(768,768,'text','767',1658041274255),(769,769,'text','768',1658041274955),(770,770,'text','769',1658041275655),(771,771,'text','770',1658041276355),(772,772,'text','771',1658041277055),(773,773,'text','772',1658041277755),(774,774,'text','773',1658041278455),(775,775,'text','774',1658041279155),(776,776,'text','775',1658041279855),(777,777,'text','776',1658041280555),(778,778,'text','777',1658041281255),(779,779,'text','778',1658041281955),(780,780,'text','779',1658041282655),(781,781,'text','780',1658041283355),(782,782,'text','781',1658041284055),(783,783,'text','782',1658041284755),(784,784,'text','783',1658041285455),(785,785,'text','784',1658041286155),(786,786,'text','785',1658041286855),(787,787,'text','786',1658041287555),(788,788,'text','787',1658041288255),(789,789,'text','788',1658041288955),(790,790,'text','789',1658041289655),(791,791,'text','790',1658041290355),(792,792,'text','791',1658041291055),(793,793,'text','792',1658041291755),(794,794,'text','793',1658041292455),(795,795,'text','794',1658041293155),(796,796,'text','795',1658041293855),(797,797,'text','796',1658041294555),(798,798,'text','797',1658041295255),(799,799,'text','798',1658041295955),(800,800,'text','799',1658041296655),(801,801,'text','800',1658041297355),(802,802,'text','801',1658041298055),(803,803,'text','802',1658041298755),(804,804,'text','803',1658041299455),(805,805,'text','804',1658041300155),(806,806,'text','805',1658041300855),(807,807,'text','806',1658041301555),(808,808,'text','807',1658041302255),(809,809,'text','808',1658041302955),(810,810,'text','809',1658041303655),(811,811,'text','810',1658041304355),(812,812,'text','811',1658041305055),(813,813,'text','812',1658041305755),(814,814,'text','813',1658041306455),(815,815,'text','814',1658041307155),(816,816,'text','815',1658041307855),(817,817,'text','816',1658041308555),(818,818,'text','817',1658041309255),(819,819,'text','818',1658041309955),(820,820,'text','819',1658041310655),(821,821,'text','820',1658041311355),(822,822,'text','821',1658041312055),(823,823,'text','822',1658041312755),(824,824,'text','823',1658041313455),(825,825,'text','824',1658041314155),(826,826,'text','825',1658041314855),(827,827,'text','826',1658041315555),(828,828,'text','827',1658041316255),(829,829,'text','828',1658041316955),(830,830,'text','829',1658041317655),(831,831,'text','830',1658041318355),(832,832,'text','831',1658041319055),(833,833,'text','832',1658041319755),(834,834,'text','833',1658041320455),(835,835,'text','834',1658041321155),(836,836,'text','835',1658041321855),(837,837,'text','836',1658041322555),(838,838,'text','837',1658041323255),(839,839,'text','838',1658041323955),(840,840,'text','839',1658041324655),(841,841,'text','840',1658041325355),(842,842,'text','841',1658041326055),(843,843,'text','842',1658041326755),(844,844,'text','843',1658041327455),(845,845,'text','844',1658041328155),(846,846,'text','845',1658041328855),(847,847,'text','846',1658041329555),(848,848,'text','847',1658041330255),(849,849,'text','848',1658041330955),(850,850,'text','849',1658041331655),(851,851,'text','850',1658041332355),(852,852,'text','851',1658041333055),(853,853,'text','852',1658041333755),(854,854,'text','853',1658041334455),(855,855,'text','854',1658041335155),(856,856,'text','855',1658041335855),(857,857,'text','856',1658041336555),(858,858,'text','857',1658041337255),(859,859,'text','858',1658041337955),(860,860,'text','859',1658041338655),(861,861,'text','860',1658041339355),(862,862,'text','861',1658041340055),(863,863,'text','862',1658041340755),(864,864,'text','863',1658041341455),(865,865,'text','864',1658041342155),(866,866,'text','865',1658041342855),(867,867,'text','866',1658041343555),(868,868,'text','867',1658041344255),(869,869,'text','868',1658041344955),(870,870,'text','869',1658041345655),(871,871,'text','870',1658041346355),(872,872,'text','871',1658041347055),(873,873,'text','872',1658041347755),(874,874,'text','873',1658041348455),(875,875,'text','874',1658041349155),(876,876,'text','875',1658041349855),(877,877,'text','876',1658041350555),(878,878,'text','877',1658041351255),(879,879,'text','878',1658041351955),(880,880,'text','879',1658041352655),(881,881,'text','880',1658041353355),(882,882,'text','881',1658041354055),(883,883,'text','882',1658041354755),(884,884,'text','883',1658041355455),(885,885,'text','884',1658041356155),(886,886,'text','885',1658041356855),(887,887,'text','886',1658041357555),(888,888,'text','887',1658041358255),(889,889,'text','888',1658041358955),(890,890,'text','889',1658041359655),(891,891,'text','890',1658041360355),(892,892,'text','891',1658041361055),(893,893,'text','892',1658041361755),(894,894,'text','893',1658041362455),(895,895,'text','894',1658041363155),(896,896,'text','895',1658041363855),(897,897,'text','896',1658041364555),(898,898,'text','897',1658041365255),(899,899,'text','898',1658041365955),(900,900,'text','899',1658041366655),(901,901,'text','900',1658041367355),(902,902,'text','901',1658041368055),(903,903,'text','902',1658041368755),(904,904,'text','903',1658041369455),(905,905,'text','904',1658041370155),(906,906,'text','905',1658041370855),(907,907,'text','906',1658041371555),(908,908,'text','907',1658041372255),(909,909,'text','908',1658041372955),(910,910,'text','909',1658041373655),(911,911,'text','910',1658041374355),(912,912,'text','911',1658041375055),(913,913,'text','912',1658041375755),(914,914,'text','913',1658041376455),(915,915,'text','914',1658041377155),(916,916,'text','915',1658041377855),(917,917,'text','916',1658041378555),(918,918,'text','917',1658041379255),(919,919,'text','918',1658041379955),(920,920,'text','919',1658041380655),(921,921,'text','920',1658041381355),(922,922,'text','921',1658041382055),(923,923,'text','922',1658041382755),(924,924,'text','923',1658041383455),(925,925,'text','924',1658041384155),(926,926,'text','925',1658041384855),(927,927,'text','926',1658041385555),(928,928,'text','927',1658041386255),(929,929,'text','928',1658041386955),(930,930,'text','929',1658041387655),(931,931,'text','930',1658041388355),(932,932,'text','931',1658041389055),(933,933,'text','932',1658041389755),(934,934,'text','933',1658041390455),(935,935,'text','934',1658041391155),(936,936,'text','935',1658041391855),(937,937,'text','936',1658041392555),(938,938,'text','937',1658041393255),(939,939,'text','938',1658041393955),(940,940,'text','939',1658041394655),(941,941,'text','940',1658041395355),(942,942,'text','941',1658041396055),(943,943,'text','942',1658041396755),(944,944,'text','943',1658041397455),(945,945,'text','944',1658041398155),(946,946,'text','945',1658041398855),(947,947,'text','946',1658041399555),(948,948,'text','947',1658041400255),(949,949,'text','948',1658041400955),(950,950,'text','949',1658041401655),(951,951,'text','950',1658041402355),(952,952,'text','951',1658041403055),(953,953,'text','952',1658041403755),(954,954,'text','953',1658041404455),(955,955,'text','954',1658041405155),(956,956,'text','955',1658041405855),(957,957,'text','956',1658041406555),(958,958,'text','957',1658041407255),(959,959,'text','958',1658041407955),(960,960,'text','959',1658041408655),(961,961,'text','960',1658041409355),(962,962,'text','961',1658041410055),(963,963,'text','962',1658041410755),(964,964,'text','963',1658041411455),(965,965,'text','964',1658041412155),(966,966,'text','965',1658041412855),(967,967,'text','966',1658041413555),(968,968,'text','967',1658041414255),(969,969,'text','968',1658041414955),(970,970,'text','969',1658041415655),(971,971,'text','970',1658041416355),(972,972,'text','971',1658041417055),(973,973,'text','972',1658041417755),(974,974,'text','973',1658041418455),(975,975,'text','974',1658041419155),(976,976,'text','975',1658041419855),(977,977,'text','976',1658041420555),(978,978,'text','977',1658041421255),(979,979,'text','978',1658041421955),(980,980,'text','979',1658041422655),(981,981,'text','980',1658041423355),(982,982,'text','981',1658041424055),(983,983,'text','982',1658041424755),(984,984,'text','983',1658041425455),(985,985,'text','984',1658041426155),(986,986,'text','985',1658041426855),(987,987,'text','986',1658041427555),(988,988,'text','987',1658041428255),(989,989,'text','988',1658041428955),(990,990,'text','989',1658041429655),(991,991,'text','990',1658041430355),(992,992,'text','991',1658041431055),(993,993,'text','992',1658041431755),(994,994,'text','993',1658041432455),(995,995,'text','994',1658041433155),(996,996,'text','995',1658041433855),(997,997,'text','996',1658041434555),(998,998,'text','997',1658041435255),(999,999,'text','998',1658041435955),(1000,1000,'text','999',1658041436655),(1002,1002,'text','JavaScript（通常縮寫為JS）是一種進階的、直譯的程式語言',1658061250701),(1003,1003,'text','它支援物件導向程式設計，指令式編程，以及函式語言程式設計',1658061266519),(1004,1004,'text','它提供語法來操控文字、陣列、日期以及正規表示式等，不支援I/O，比如網路、儲存和圖形等',1658061275075),(1005,1005,'text','但這些都可以由它的宿主環境提供支援。它已經由ECMA（歐洲電腦製造商協會）透過ECMAScript實作語言的標準化',1658061287251),(1006,1006,'text','它被世界上的絕大多數網站所使用',1658061297440),(1007,1007,'text','也被世界主流瀏覽器（Chrome、IE、Firefox、Safari、Opera）支援',1658061303799),(1008,1008,'text','Socket.IO是一個面向即時web應用的JavaScript庫',1658061347197),(1009,1009,'text','它使得伺服器和客戶端之間即時雙向的通信成為可能',1658061352015),(1010,1010,'text','他有兩個部分：在瀏覽器中執行的客戶端庫，和一個面向Node.js的伺服器端庫',1658061366198),(1011,1011,'text','兩者有著幾乎一樣的API。像Node.js一樣，它也是事件驅動的',1658061367662),(1012,1012,'text','Socket.IO主要使用WebSocket協定',1658061397812),(1013,1013,'text','但是如果需要的話，Socket.io可以回退到幾種其它方法，例如AdobeFlashSockets，JSONP拉取，或是傳統的AJAX拉取，[3]並且在同時提供完全相同的介面',1658061404025),(1014,1014,'text','儘管它可以被用作WebSocket的包裝庫，它還是提供了許多其它功能',1658061410012),(1015,1015,'text','比如廣播至多個通訊端，儲存與不同客戶有關的資料，和非同步IO操作',1658061419307),(1016,1016,'text','WebRTC，名稱源自網頁即時通訊（英語：WebReal-TimeCommunication）的縮寫',1658061515927),(1017,1017,'text','是一個支援網頁瀏覽器進行即時語音對話或影片對話的API',1658061516284),(1018,1018,'text','它於2011年6月1日開源並在Google、Mozilla、Opera支援下被納入全球資訊網協會的W3C推薦標準',1658061523652);
/*!40000 ALTER TABLE `message_contents` ENABLE KEYS */;
UNLOCK TABLES;

--
-- Table structure for table `messages`
--

DROP TABLE IF EXISTS `messages`;
/*!40101 SET @saved_cs_client     = @@character_set_client */;
/*!50503 SET character_set_client = utf8mb4 */;
CREATE TABLE `messages` (
  `id` int unsigned NOT NULL AUTO_INCREMENT,
  `user_id` int NOT NULL,
  `channel_id` int NOT NULL,
  `initial_time` bigint NOT NULL,
  `reply` int DEFAULT NULL COMMENT 'message id',
  `pinned` tinyint(1) NOT NULL DEFAULT '0',
  `is_edited` tinyint(1) NOT NULL DEFAULT '0',
  `session` int unsigned NOT NULL,
  PRIMARY KEY (`id`)
) ENGINE=InnoDB AUTO_INCREMENT=1019 DEFAULT CHARSET=utf8mb4 COLLATE=utf8mb4_0900_ai_ci;
/*!40101 SET character_set_client = @saved_cs_client */;

--
-- Dumping data for table `messages`
--

LOCK TABLES `messages` WRITE;
/*!40000 ALTER TABLE `messages` DISABLE KEYS */;
INSERT INTO `messages` VALUES (1,5,1,1658040737355,NULL,0,0,1),(2,5,1,1658040738055,NULL,0,0,1),(3,5,1,1658040738755,NULL,0,0,1),(4,5,1,1658040739455,NULL,0,0,1),(5,5,1,1658040740155,NULL,0,0,1),(6,5,1,1658040740855,NULL,0,0,2),(7,5,1,1658040741555,NULL,0,0,2),(8,5,1,1658040742255,NULL,0,0,2),(9,5,1,1658040742955,NULL,0,0,2),(10,5,1,1658040743655,NULL,0,0,2),(11,5,1,1658040744355,NULL,0,0,3),(12,5,1,1658040745055,NULL,0,0,3),(13,5,1,1658040745755,NULL,0,0,3),(14,5,1,1658040746455,NULL,0,0,3),(15,5,1,1658040747155,NULL,0,0,3),(16,5,1,1658040747855,NULL,0,0,4),(17,5,1,1658040748555,NULL,0,0,4),(18,5,1,1658040749255,NULL,0,0,4),(19,5,1,1658040749955,NULL,0,0,4),(20,5,1,1658040750655,NULL,0,0,4),(21,5,1,1658040751355,NULL,0,0,5),(22,5,1,1658040752055,NULL,0,0,5),(23,5,1,1658040752755,NULL,0,0,5),(24,5,1,1658040753455,NULL,0,0,5),(25,5,1,1658040754155,NULL,0,0,5),(26,5,1,1658040754855,NULL,0,0,6),(27,5,1,1658040755555,NULL,0,0,6),(28,5,1,1658040756255,NULL,0,0,6),(29,5,1,1658040756955,NULL,0,0,6),(30,5,1,1658040757655,NULL,0,0,6),(31,5,1,1658040758355,NULL,0,0,7),(32,5,1,1658040759055,NULL,0,0,7),(33,5,1,1658040759755,NULL,0,0,7),(34,5,1,1658040760455,NULL,0,0,7),(35,5,1,1658040761155,NULL,0,0,7),(36,5,1,1658040761855,NULL,0,0,8),(37,5,1,1658040762555,NULL,0,0,8),(38,5,1,1658040763255,NULL,0,0,8),(39,5,1,1658040763955,NULL,0,0,8),(40,5,1,1658040764655,NULL,0,0,8),(41,5,1,1658040765355,NULL,0,0,9),(42,5,1,1658040766055,NULL,0,0,9),(43,5,1,1658040766755,NULL,0,0,9),(44,5,1,1658040767455,NULL,0,0,9),(45,5,1,1658040768155,NULL,0,0,9),(46,5,1,1658040768855,NULL,0,0,10),(47,5,1,1658040769555,NULL,0,0,10),(48,5,1,1658040770255,NULL,0,0,10),(49,5,1,1658040770955,NULL,0,0,10),(50,5,1,1658040771655,NULL,0,0,10),(51,5,1,1658040772355,NULL,0,0,11),(52,5,1,1658040773055,NULL,0,0,11),(53,5,1,1658040773755,NULL,0,0,11),(54,5,1,1658040774455,NULL,0,0,11),(55,5,1,1658040775155,NULL,0,0,11),(56,5,1,1658040775855,NULL,0,0,12),(57,5,1,1658040776555,NULL,0,0,12),(58,5,1,1658040777255,NULL,0,0,12),(59,5,1,1658040777955,NULL,0,0,12),(60,5,1,1658040778655,NULL,0,0,12),(61,5,1,1658040779355,NULL,0,0,13),(62,5,1,1658040780055,NULL,0,0,13),(63,5,1,1658040780755,NULL,0,0,13),(64,5,1,1658040781455,NULL,0,0,13),(65,5,1,1658040782155,NULL,0,0,13),(66,5,1,1658040782855,NULL,0,0,14),(67,5,1,1658040783555,NULL,0,0,14),(68,5,1,1658040784255,NULL,0,0,14),(69,5,1,1658040784955,NULL,0,0,14),(70,5,1,1658040785655,NULL,0,0,14),(71,5,1,1658040786355,NULL,0,0,15),(72,5,1,1658040787055,NULL,0,0,15),(73,5,1,1658040787755,NULL,0,0,15),(74,5,1,1658040788455,NULL,0,0,15),(75,5,1,1658040789155,NULL,0,0,15),(76,5,1,1658040789855,NULL,0,0,16),(77,5,1,1658040790555,NULL,0,0,16),(78,5,1,1658040791255,NULL,0,0,16),(79,5,1,1658040791955,NULL,0,0,16),(80,5,1,1658040792655,NULL,0,0,16),(81,5,1,1658040793355,NULL,0,0,17),(82,5,1,1658040794055,NULL,0,0,17),(83,5,1,1658040794755,NULL,0,0,17),(84,5,1,1658040795455,NULL,0,0,17),(85,5,1,1658040796155,NULL,0,0,17),(86,5,1,1658040796855,NULL,0,0,18),(87,5,1,1658040797555,NULL,0,0,18),(88,5,1,1658040798255,NULL,0,0,18),(89,5,1,1658040798955,NULL,0,0,18),(90,5,1,1658040799655,NULL,0,0,18),(91,5,1,1658040800355,NULL,0,0,19),(92,5,1,1658040801055,NULL,0,0,19),(93,5,1,1658040801755,NULL,0,0,19),(94,5,1,1658040802455,NULL,0,0,19),(95,5,1,1658040803155,NULL,0,0,19),(96,5,1,1658040803855,NULL,0,0,20),(97,5,1,1658040804555,NULL,0,0,20),(98,5,1,1658040805255,NULL,0,0,20),(99,5,1,1658040805955,NULL,0,0,20),(100,5,1,1658040806655,NULL,0,0,20),(101,5,1,1658040807355,NULL,0,0,21),(102,5,1,1658040808055,NULL,0,0,21),(103,5,1,1658040808755,NULL,0,0,21),(104,5,1,1658040809455,NULL,0,0,21),(105,5,1,1658040810155,NULL,0,0,21),(106,5,1,1658040810855,NULL,0,0,22),(107,5,1,1658040811555,NULL,0,0,22),(108,5,1,1658040812255,NULL,0,0,22),(109,5,1,1658040812955,NULL,0,0,22),(110,5,1,1658040813655,NULL,0,0,22),(111,5,1,1658040814355,NULL,0,0,23),(112,5,1,1658040815055,NULL,0,0,23),(113,5,1,1658040815755,NULL,0,0,23),(114,5,1,1658040816455,NULL,0,0,23),(115,5,1,1658040817155,NULL,0,0,23),(116,5,1,1658040817855,NULL,0,0,24),(117,5,1,1658040818555,NULL,0,0,24),(118,5,1,1658040819255,NULL,0,0,24),(119,5,1,1658040819955,NULL,0,0,24),(120,5,1,1658040820655,NULL,0,0,24),(121,5,1,1658040821355,NULL,0,0,25),(122,5,1,1658040822055,NULL,0,0,25),(123,5,1,1658040822755,NULL,0,0,25),(124,5,1,1658040823455,NULL,0,0,25),(125,5,1,1658040824155,NULL,0,0,25),(126,5,1,1658040824855,NULL,0,0,26),(127,5,1,1658040825555,NULL,0,0,26),(128,5,1,1658040826255,NULL,0,0,26),(129,5,1,1658040826955,NULL,0,0,26),(130,5,1,1658040827655,NULL,0,0,26),(131,5,1,1658040828355,NULL,0,0,27),(132,5,1,1658040829055,NULL,0,0,27),(133,5,1,1658040829755,NULL,0,0,27),(134,5,1,1658040830455,NULL,0,0,27),(135,5,1,1658040831155,NULL,0,0,27),(136,5,1,1658040831855,NULL,0,0,28),(137,5,1,1658040832555,NULL,0,0,28),(138,5,1,1658040833255,NULL,0,0,28),(139,5,1,1658040833955,NULL,0,0,28),(140,5,1,1658040834655,NULL,0,0,28),(141,5,1,1658040835355,NULL,0,0,29),(142,5,1,1658040836055,NULL,0,0,29),(143,5,1,1658040836755,NULL,0,0,29),(144,5,1,1658040837455,NULL,0,0,29),(145,5,1,1658040838155,NULL,0,0,29),(146,5,1,1658040838855,NULL,0,0,30),(147,5,1,1658040839555,NULL,0,0,30),(148,5,1,1658040840255,NULL,0,0,30),(149,5,1,1658040840955,NULL,0,0,30),(150,5,1,1658040841655,NULL,0,0,30),(151,5,1,1658040842355,NULL,0,0,31),(152,5,1,1658040843055,NULL,0,0,31),(153,5,1,1658040843755,NULL,0,0,31),(154,5,1,1658040844455,NULL,0,0,31),(155,5,1,1658040845155,NULL,0,0,31),(156,5,1,1658040845855,NULL,0,0,32),(157,5,1,1658040846555,NULL,0,0,32),(158,5,1,1658040847255,NULL,0,0,32),(159,5,1,1658040847955,NULL,0,0,32),(160,5,1,1658040848655,NULL,0,0,32),(161,5,1,1658040849355,NULL,0,0,33),(162,5,1,1658040850055,NULL,0,0,33),(163,5,1,1658040850755,NULL,0,0,33),(164,5,1,1658040851455,NULL,0,0,33),(165,5,1,1658040852155,NULL,0,0,33),(166,5,1,1658040852855,NULL,0,0,34),(167,5,1,1658040853555,NULL,0,0,34),(168,5,1,1658040854255,NULL,0,0,34),(169,5,1,1658040854955,NULL,0,0,34),(170,5,1,1658040855655,NULL,0,0,34),(171,5,1,1658040856355,NULL,0,0,35),(172,5,1,1658040857055,NULL,0,0,35),(173,5,1,1658040857755,NULL,0,0,35),(174,5,1,1658040858455,NULL,0,0,35),(175,5,1,1658040859155,NULL,0,0,35),(176,5,1,1658040859855,NULL,0,0,36),(177,5,1,1658040860555,NULL,0,0,36),(178,5,1,1658040861255,NULL,0,0,36),(179,5,1,1658040861955,NULL,0,0,36),(180,5,1,1658040862655,NULL,0,0,36),(181,5,1,1658040863355,NULL,0,0,37),(182,5,1,1658040864055,NULL,0,0,37),(183,5,1,1658040864755,NULL,0,0,37),(184,5,1,1658040865455,NULL,0,0,37),(185,5,1,1658040866155,NULL,0,0,37),(186,5,1,1658040866855,NULL,0,0,38),(187,5,1,1658040867555,NULL,0,0,38),(188,5,1,1658040868255,NULL,0,0,38),(189,5,1,1658040868955,NULL,0,0,38),(190,5,1,1658040869655,NULL,0,0,38),(191,5,1,1658040870355,NULL,0,0,39),(192,5,1,1658040871055,NULL,0,0,39),(193,5,1,1658040871755,NULL,0,0,39),(194,5,1,1658040872455,NULL,0,0,39),(195,5,1,1658040873155,NULL,0,0,39),(196,5,1,1658040873855,NULL,0,0,40),(197,5,1,1658040874555,NULL,0,0,40),(198,5,1,1658040875255,NULL,0,0,40),(199,5,1,1658040875955,NULL,0,0,40),(200,5,1,1658040876655,NULL,0,0,40),(201,5,1,1658040877355,NULL,0,0,41),(202,5,1,1658040878055,NULL,0,0,41),(203,5,1,1658040878755,NULL,0,0,41),(204,5,1,1658040879455,NULL,0,0,41),(205,5,1,1658040880155,NULL,0,0,41),(206,5,1,1658040880855,NULL,0,0,42),(207,5,1,1658040881555,NULL,0,0,42),(208,5,1,1658040882255,NULL,0,0,42),(209,5,1,1658040882955,NULL,0,0,42),(210,5,1,1658040883655,NULL,0,0,42),(211,5,1,1658040884355,NULL,0,0,43),(212,5,1,1658040885055,NULL,0,0,43),(213,5,1,1658040885755,NULL,0,0,43),(214,5,1,1658040886455,NULL,0,0,43),(215,5,1,1658040887155,NULL,0,0,43),(216,5,1,1658040887855,NULL,0,0,44),(217,5,1,1658040888555,NULL,0,0,44),(218,5,1,1658040889255,NULL,0,0,44),(219,5,1,1658040889955,NULL,0,0,44),(220,5,1,1658040890655,NULL,0,0,44),(221,5,1,1658040891355,NULL,0,0,45),(222,5,1,1658040892055,NULL,0,0,45),(223,5,1,1658040892755,NULL,0,0,45),(224,5,1,1658040893455,NULL,0,0,45),(225,5,1,1658040894155,NULL,0,0,45),(226,5,1,1658040894855,NULL,0,0,46),(227,5,1,1658040895555,NULL,0,0,46),(228,5,1,1658040896255,NULL,0,0,46),(229,5,1,1658040896955,NULL,0,0,46),(230,5,1,1658040897655,NULL,0,0,46),(231,5,1,1658040898355,NULL,0,0,47),(232,5,1,1658040899055,NULL,0,0,47),(233,5,1,1658040899755,NULL,0,0,47),(234,5,1,1658040900455,NULL,0,0,47),(235,5,1,1658040901155,NULL,0,0,47),(236,5,1,1658040901855,NULL,0,0,48),(237,5,1,1658040902555,NULL,0,0,48),(238,5,1,1658040903255,NULL,0,0,48),(239,5,1,1658040903955,NULL,0,0,48),(240,5,1,1658040904655,NULL,0,0,48),(241,5,1,1658040905355,NULL,0,0,49),(242,5,1,1658040906055,NULL,0,0,49),(243,5,1,1658040906755,NULL,0,0,49),(244,5,1,1658040907455,NULL,0,0,49),(245,5,1,1658040908155,NULL,0,0,49),(246,5,1,1658040908855,NULL,0,0,50),(247,5,1,1658040909555,NULL,0,0,50),(248,5,1,1658040910255,NULL,0,0,50),(249,5,1,1658040910955,NULL,0,0,50),(250,5,1,1658040911655,NULL,0,0,50),(251,5,1,1658040912355,NULL,0,0,51),(252,5,1,1658040913055,NULL,0,0,51),(253,5,1,1658040913755,NULL,0,0,51),(254,5,1,1658040914455,NULL,0,0,51),(255,5,1,1658040915155,NULL,0,0,51),(256,5,1,1658040915855,NULL,0,0,52),(257,5,1,1658040916555,NULL,0,0,52),(258,5,1,1658040917255,NULL,0,0,52),(259,5,1,1658040917955,NULL,0,0,52),(260,5,1,1658040918655,NULL,0,0,52),(261,5,1,1658040919355,NULL,0,0,53),(262,5,1,1658040920055,NULL,0,0,53),(263,5,1,1658040920755,NULL,0,0,53),(264,5,1,1658040921455,NULL,0,0,53),(265,5,1,1658040922155,NULL,0,0,53),(266,5,1,1658040922855,NULL,0,0,54),(267,5,1,1658040923555,NULL,0,0,54),(268,5,1,1658040924255,NULL,0,0,54),(269,5,1,1658040924955,NULL,0,0,54),(270,5,1,1658040925655,NULL,0,0,54),(271,5,1,1658040926355,NULL,0,0,55),(272,5,1,1658040927055,NULL,0,0,55),(273,5,1,1658040927755,NULL,0,0,55),(274,5,1,1658040928455,NULL,0,0,55),(275,5,1,1658040929155,NULL,0,0,55),(276,5,1,1658040929855,NULL,0,0,56),(277,5,1,1658040930555,NULL,0,0,56),(278,5,1,1658040931255,NULL,0,0,56),(279,5,1,1658040931955,NULL,0,0,56),(280,5,1,1658040932655,NULL,0,0,56),(281,5,1,1658040933355,NULL,0,0,57),(282,5,1,1658040934055,NULL,0,0,57),(283,5,1,1658040934755,NULL,0,0,57),(284,5,1,1658040935455,NULL,0,0,57),(285,5,1,1658040936155,NULL,0,0,57),(286,5,1,1658040936855,NULL,0,0,58),(287,5,1,1658040937555,NULL,0,0,58),(288,5,1,1658040938255,NULL,0,0,58),(289,5,1,1658040938955,NULL,0,0,58),(290,5,1,1658040939655,NULL,0,0,58),(291,5,1,1658040940355,NULL,0,0,59),(292,5,1,1658040941055,NULL,0,0,59),(293,5,1,1658040941755,NULL,0,0,59),(294,5,1,1658040942455,NULL,0,0,59),(295,5,1,1658040943155,NULL,0,0,59),(296,5,1,1658040943855,NULL,0,0,60),(297,5,1,1658040944555,NULL,0,0,60),(298,5,1,1658040945255,NULL,0,0,60),(299,5,1,1658040945955,NULL,0,0,60),(300,5,1,1658040946655,NULL,0,0,60),(301,5,1,1658040947355,NULL,0,0,61),(302,5,1,1658040948055,NULL,0,0,61),(303,5,1,1658040948755,NULL,0,0,61),(304,5,1,1658040949455,NULL,0,0,61),(305,5,1,1658040950155,NULL,0,0,61),(306,5,1,1658040950855,NULL,0,0,62),(307,5,1,1658040951555,NULL,0,0,62),(308,5,1,1658040952255,NULL,0,0,62),(309,5,1,1658040952955,NULL,0,0,62),(310,5,1,1658040953655,NULL,0,0,62),(311,5,1,1658040954355,NULL,0,0,63),(312,5,1,1658040955055,NULL,0,0,63),(313,5,1,1658040955755,NULL,0,0,63),(314,5,1,1658040956455,NULL,0,0,63),(315,5,1,1658040957155,NULL,0,0,63),(316,5,1,1658040957855,NULL,0,0,64),(317,5,1,1658040958555,NULL,0,0,64),(318,5,1,1658040959255,NULL,0,0,64),(319,5,1,1658040959955,NULL,0,0,64),(320,5,1,1658040960655,NULL,0,0,64),(321,5,1,1658040961355,NULL,0,0,65),(322,5,1,1658040962055,NULL,0,0,65),(323,5,1,1658040962755,NULL,0,0,65),(324,5,1,1658040963455,NULL,0,0,65),(325,5,1,1658040964155,NULL,0,0,65),(326,5,1,1658040964855,NULL,0,0,66),(327,5,1,1658040965555,NULL,0,0,66),(328,5,1,1658040966255,NULL,0,0,66),(329,5,1,1658040966955,NULL,0,0,66),(330,5,1,1658040967655,NULL,0,0,66),(331,5,1,1658040968355,NULL,0,0,67),(332,5,1,1658040969055,NULL,0,0,67),(333,5,1,1658040969755,NULL,0,0,67),(334,5,1,1658040970455,NULL,0,0,67),(335,5,1,1658040971155,NULL,0,0,67),(336,5,1,1658040971855,NULL,0,0,68),(337,5,1,1658040972555,NULL,0,0,68),(338,5,1,1658040973255,NULL,0,0,68),(339,5,1,1658040973955,NULL,0,0,68),(340,5,1,1658040974655,NULL,0,0,68),(341,5,1,1658040975355,NULL,0,0,69),(342,5,1,1658040976055,NULL,0,0,69),(343,5,1,1658040976755,NULL,0,0,69),(344,5,1,1658040977455,NULL,0,0,69),(345,5,1,1658040978155,NULL,0,0,69),(346,5,1,1658040978855,NULL,0,0,70),(347,5,1,1658040979555,NULL,0,0,70),(348,5,1,1658040980255,NULL,0,0,70),(349,5,1,1658040980955,NULL,0,0,70),(350,5,1,1658040981655,NULL,0,0,70),(351,5,1,1658040982355,NULL,0,0,71),(352,5,1,1658040983055,NULL,0,0,71),(353,5,1,1658040983755,NULL,0,0,71),(354,5,1,1658040984455,NULL,0,0,71),(355,5,1,1658040985155,NULL,0,0,71),(356,5,1,1658040985855,NULL,0,0,72),(357,5,1,1658040986555,NULL,0,0,72),(358,5,1,1658040987255,NULL,0,0,72),(359,5,1,1658040987955,NULL,0,0,72),(360,5,1,1658040988655,NULL,0,0,72),(361,5,1,1658040989355,NULL,0,0,73),(362,5,1,1658040990055,NULL,0,0,73),(363,5,1,1658040990755,NULL,0,0,73),(364,5,1,1658040991455,NULL,0,0,73),(365,5,1,1658040992155,NULL,0,0,73),(366,5,1,1658040992855,NULL,0,0,74),(367,5,1,1658040993555,NULL,0,0,74),(368,5,1,1658040994255,NULL,0,0,74),(369,5,1,1658040994955,NULL,0,0,74),(370,5,1,1658040995655,NULL,0,0,74),(371,5,1,1658040996355,NULL,0,0,75),(372,5,1,1658040997055,NULL,0,0,75),(373,5,1,1658040997755,NULL,0,0,75),(374,5,1,1658040998455,NULL,0,0,75),(375,5,1,1658040999155,NULL,0,0,75),(376,5,1,1658040999855,NULL,0,0,76),(377,5,1,1658041000555,NULL,0,0,76),(378,5,1,1658041001255,NULL,0,0,76),(379,5,1,1658041001955,NULL,0,0,76),(380,5,1,1658041002655,NULL,0,0,76),(381,5,1,1658041003355,NULL,0,0,77),(382,5,1,1658041004055,NULL,0,0,77),(383,5,1,1658041004755,NULL,0,0,77),(384,5,1,1658041005455,NULL,0,0,77),(385,5,1,1658041006155,NULL,0,0,77),(386,5,1,1658041006855,NULL,0,0,78),(387,5,1,1658041007555,NULL,0,0,78),(388,5,1,1658041008255,NULL,0,0,78),(389,5,1,1658041008955,NULL,0,0,78),(390,5,1,1658041009655,NULL,0,0,78),(391,5,1,1658041010355,NULL,0,0,79),(392,5,1,1658041011055,NULL,0,0,79),(393,5,1,1658041011755,NULL,0,0,79),(394,5,1,1658041012455,NULL,0,0,79),(395,5,1,1658041013155,NULL,0,0,79),(396,5,1,1658041013855,NULL,0,0,80),(397,5,1,1658041014555,NULL,0,0,80),(398,5,1,1658041015255,NULL,0,0,80),(399,5,1,1658041015955,NULL,0,0,80),(400,5,1,1658041016655,NULL,0,0,80),(401,5,1,1658041017355,NULL,0,0,81),(402,5,1,1658041018055,NULL,0,0,81),(403,5,1,1658041018755,NULL,0,0,81),(404,5,1,1658041019455,NULL,0,0,81),(405,5,1,1658041020155,NULL,0,0,81),(406,5,1,1658041020855,NULL,0,0,82),(407,5,1,1658041021555,NULL,0,0,82),(408,5,1,1658041022255,NULL,0,0,82),(409,5,1,1658041022955,NULL,0,0,82),(410,5,1,1658041023655,NULL,0,0,82),(411,5,1,1658041024355,NULL,0,0,83),(412,5,1,1658041025055,NULL,0,0,83),(413,5,1,1658041025755,NULL,0,0,83),(414,5,1,1658041026455,NULL,0,0,83),(415,5,1,1658041027155,NULL,0,0,83),(416,5,1,1658041027855,NULL,0,0,84),(417,5,1,1658041028555,NULL,0,0,84),(418,5,1,1658041029255,NULL,0,0,84),(419,5,1,1658041029955,NULL,0,0,84),(420,5,1,1658041030655,NULL,0,0,84),(421,5,1,1658041031355,NULL,0,0,85),(422,5,1,1658041032055,NULL,0,0,85),(423,5,1,1658041032755,NULL,0,0,85),(424,5,1,1658041033455,NULL,0,0,85),(425,5,1,1658041034155,NULL,0,0,85),(426,5,1,1658041034855,NULL,0,0,86),(427,5,1,1658041035555,NULL,0,0,86),(428,5,1,1658041036255,NULL,0,0,86),(429,5,1,1658041036955,NULL,0,0,86),(430,5,1,1658041037655,NULL,0,0,86),(431,5,1,1658041038355,NULL,0,0,87),(432,5,1,1658041039055,NULL,0,0,87),(433,5,1,1658041039755,NULL,0,0,87),(434,5,1,1658041040455,NULL,0,0,87),(435,5,1,1658041041155,NULL,0,0,87),(436,5,1,1658041041855,NULL,0,0,88),(437,5,1,1658041042555,NULL,0,0,88),(438,5,1,1658041043255,NULL,0,0,88),(439,5,1,1658041043955,NULL,0,0,88),(440,5,1,1658041044655,NULL,0,0,88),(441,5,1,1658041045355,NULL,0,0,89),(442,5,1,1658041046055,NULL,0,0,89),(443,5,1,1658041046755,NULL,0,0,89),(444,5,1,1658041047455,NULL,0,0,89),(445,5,1,1658041048155,NULL,0,0,89),(446,5,1,1658041048855,NULL,0,0,90),(447,5,1,1658041049555,NULL,0,0,90),(448,5,1,1658041050255,NULL,0,0,90),(449,5,1,1658041050955,NULL,0,0,90),(450,5,1,1658041051655,NULL,0,0,90),(451,5,1,1658041052355,NULL,0,0,91),(452,5,1,1658041053055,NULL,0,0,91),(453,5,1,1658041053755,NULL,0,0,91),(454,5,1,1658041054455,NULL,0,0,91),(455,5,1,1658041055155,NULL,0,0,91),(456,5,1,1658041055855,NULL,0,0,92),(457,5,1,1658041056555,NULL,0,0,92),(458,5,1,1658041057255,NULL,0,0,92),(459,5,1,1658041057955,NULL,0,0,92),(460,5,1,1658041058655,NULL,0,0,92),(461,5,1,1658041059355,NULL,0,0,93),(462,5,1,1658041060055,NULL,0,0,93),(463,5,1,1658041060755,NULL,0,0,93),(464,5,1,1658041061455,NULL,0,0,93),(465,5,1,1658041062155,NULL,0,0,93),(466,5,1,1658041062855,NULL,0,0,94),(467,5,1,1658041063555,NULL,0,0,94),(468,5,1,1658041064255,NULL,0,0,94),(469,5,1,1658041064955,NULL,0,0,94),(470,5,1,1658041065655,NULL,0,0,94),(471,5,1,1658041066355,NULL,0,0,95),(472,5,1,1658041067055,NULL,0,0,95),(473,5,1,1658041067755,NULL,0,0,95),(474,5,1,1658041068455,NULL,0,0,95),(475,5,1,1658041069155,NULL,0,0,95),(476,5,1,1658041069855,NULL,0,0,96),(477,5,1,1658041070555,NULL,0,0,96),(478,5,1,1658041071255,NULL,0,0,96),(479,5,1,1658041071955,NULL,0,0,96),(480,5,1,1658041072655,NULL,0,0,96),(481,5,1,1658041073355,NULL,0,0,97),(482,5,1,1658041074055,NULL,0,0,97),(483,5,1,1658041074755,NULL,0,0,97),(484,5,1,1658041075455,NULL,0,0,97),(485,5,1,1658041076155,NULL,0,0,97),(486,5,1,1658041076855,NULL,0,0,98),(487,5,1,1658041077555,NULL,0,0,98),(488,5,1,1658041078255,NULL,0,0,98),(489,5,1,1658041078955,NULL,0,0,98),(490,5,1,1658041079655,NULL,0,0,98),(491,5,1,1658041080355,NULL,0,0,99),(492,5,1,1658041081055,NULL,0,0,99),(493,5,1,1658041081755,NULL,0,0,99),(494,5,1,1658041082455,NULL,0,0,99),(495,5,1,1658041083155,NULL,0,0,99),(496,5,1,1658041083855,NULL,0,0,100),(497,5,1,1658041084555,NULL,0,0,100),(498,5,1,1658041085255,NULL,0,0,100),(499,5,1,1658041085955,NULL,0,0,100),(500,5,1,1658041086655,NULL,0,0,100),(501,5,1,1658041087355,NULL,0,0,101),(502,5,1,1658041088055,NULL,0,0,101),(503,5,1,1658041088755,NULL,0,0,101),(504,5,1,1658041089455,NULL,0,0,101),(505,5,1,1658041090155,NULL,0,0,101),(506,5,1,1658041090855,NULL,0,0,102),(507,5,1,1658041091555,NULL,0,0,102),(508,5,1,1658041092255,NULL,0,0,102),(509,5,1,1658041092955,NULL,0,0,102),(510,5,1,1658041093655,NULL,0,0,102),(511,5,1,1658041094355,NULL,0,0,103),(512,5,1,1658041095055,NULL,0,0,103),(513,5,1,1658041095755,NULL,0,0,103),(514,5,1,1658041096455,NULL,0,0,103),(515,5,1,1658041097155,NULL,0,0,103),(516,5,1,1658041097855,NULL,0,0,104),(517,5,1,1658041098555,NULL,0,0,104),(518,5,1,1658041099255,NULL,0,0,104),(519,5,1,1658041099955,NULL,0,0,104),(520,5,1,1658041100655,NULL,0,0,104),(521,5,1,1658041101355,NULL,0,0,105),(522,5,1,1658041102055,NULL,0,0,105),(523,5,1,1658041102755,NULL,0,0,105),(524,5,1,1658041103455,NULL,0,0,105),(525,5,1,1658041104155,NULL,0,0,105),(526,5,1,1658041104855,NULL,0,0,106),(527,5,1,1658041105555,NULL,0,0,106),(528,5,1,1658041106255,NULL,0,0,106),(529,5,1,1658041106955,NULL,0,0,106),(530,5,1,1658041107655,NULL,0,0,106),(531,5,1,1658041108355,NULL,0,0,107),(532,5,1,1658041109055,NULL,0,0,107),(533,5,1,1658041109755,NULL,0,0,107),(534,5,1,1658041110455,NULL,0,0,107),(535,5,1,1658041111155,NULL,0,0,107),(536,5,1,1658041111855,NULL,0,0,108),(537,5,1,1658041112555,NULL,0,0,108),(538,5,1,1658041113255,NULL,0,0,108),(539,5,1,1658041113955,NULL,0,0,108),(540,5,1,1658041114655,NULL,0,0,108),(541,5,1,1658041115355,NULL,0,0,109),(542,5,1,1658041116055,NULL,0,0,109),(543,5,1,1658041116755,NULL,0,0,109),(544,5,1,1658041117455,NULL,0,0,109),(545,5,1,1658041118155,NULL,0,0,109),(546,5,1,1658041118855,NULL,0,0,110),(547,5,1,1658041119555,NULL,0,0,110),(548,5,1,1658041120255,NULL,0,0,110),(549,5,1,1658041120955,NULL,0,0,110),(550,5,1,1658041121655,NULL,0,0,110),(551,5,1,1658041122355,NULL,0,0,111),(552,5,1,1658041123055,NULL,0,0,111),(553,5,1,1658041123755,NULL,0,0,111),(554,5,1,1658041124455,NULL,0,0,111),(555,5,1,1658041125155,NULL,0,0,111),(556,5,1,1658041125855,NULL,0,0,112),(557,5,1,1658041126555,NULL,0,0,112),(558,5,1,1658041127255,NULL,0,0,112),(559,5,1,1658041127955,NULL,0,0,112),(560,5,1,1658041128655,NULL,0,0,112),(561,5,1,1658041129355,NULL,0,0,113),(562,5,1,1658041130055,NULL,0,0,113),(563,5,1,1658041130755,NULL,0,0,113),(564,5,1,1658041131455,NULL,0,0,113),(565,5,1,1658041132155,NULL,0,0,113),(566,5,1,1658041132855,NULL,0,0,114),(567,5,1,1658041133555,NULL,0,0,114),(568,5,1,1658041134255,NULL,0,0,114),(569,5,1,1658041134955,NULL,0,0,114),(570,5,1,1658041135655,NULL,0,0,114),(571,5,1,1658041136355,NULL,0,0,115),(572,5,1,1658041137055,NULL,0,0,115),(573,5,1,1658041137755,NULL,0,0,115),(574,5,1,1658041138455,NULL,0,0,115),(575,5,1,1658041139155,NULL,0,0,115),(576,5,1,1658041139855,NULL,0,0,116),(577,5,1,1658041140555,NULL,0,0,116),(578,5,1,1658041141255,NULL,0,0,116),(579,5,1,1658041141955,NULL,0,0,116),(580,5,1,1658041142655,NULL,0,0,116),(581,5,1,1658041143355,NULL,0,0,117),(582,5,1,1658041144055,NULL,0,0,117),(583,5,1,1658041144755,NULL,0,0,117),(584,5,1,1658041145455,NULL,0,0,117),(585,5,1,1658041146155,NULL,0,0,117),(586,5,1,1658041146855,NULL,0,0,118),(587,5,1,1658041147555,NULL,0,0,118),(588,5,1,1658041148255,NULL,0,0,118),(589,5,1,1658041148955,NULL,0,0,118),(590,5,1,1658041149655,NULL,0,0,118),(591,5,1,1658041150355,NULL,0,0,119),(592,5,1,1658041151055,NULL,0,0,119),(593,5,1,1658041151755,NULL,0,0,119),(594,5,1,1658041152455,NULL,0,0,119),(595,5,1,1658041153155,NULL,0,0,119),(596,5,1,1658041153855,NULL,0,0,120),(597,5,1,1658041154555,NULL,0,0,120),(598,5,1,1658041155255,NULL,0,0,120),(599,5,1,1658041155955,NULL,0,0,120),(600,5,1,1658041156655,NULL,0,0,120),(601,5,1,1658041157355,NULL,0,0,121),(602,5,1,1658041158055,NULL,0,0,121),(603,5,1,1658041158755,NULL,0,0,121),(604,5,1,1658041159455,NULL,0,0,121),(605,5,1,1658041160155,NULL,0,0,121),(606,5,1,1658041160855,NULL,0,0,122),(607,5,1,1658041161555,NULL,0,0,122),(608,5,1,1658041162255,NULL,0,0,122),(609,5,1,1658041162955,NULL,0,0,122),(610,5,1,1658041163655,NULL,0,0,122),(611,5,1,1658041164355,NULL,0,0,123),(612,5,1,1658041165055,NULL,0,0,123),(613,5,1,1658041165755,NULL,0,0,123),(614,5,1,1658041166455,NULL,0,0,123),(615,5,1,1658041167155,NULL,0,0,123),(616,5,1,1658041167855,NULL,0,0,124),(617,5,1,1658041168555,NULL,0,0,124),(618,5,1,1658041169255,NULL,0,0,124),(619,5,1,1658041169955,NULL,0,0,124),(620,5,1,1658041170655,NULL,0,0,124),(621,5,1,1658041171355,NULL,0,0,125),(622,5,1,1658041172055,NULL,0,0,125),(623,5,1,1658041172755,NULL,0,0,125),(624,5,1,1658041173455,NULL,0,0,125),(625,5,1,1658041174155,NULL,0,0,125),(626,5,1,1658041174855,NULL,0,0,126),(627,5,1,1658041175555,NULL,0,0,126),(628,5,1,1658041176255,NULL,0,0,126),(629,5,1,1658041176955,NULL,0,0,126),(630,5,1,1658041177655,NULL,0,0,126),(631,5,1,1658041178355,NULL,0,0,127),(632,5,1,1658041179055,NULL,0,0,127),(633,5,1,1658041179755,NULL,0,0,127),(634,5,1,1658041180455,NULL,0,0,127),(635,5,1,1658041181155,NULL,0,0,127),(636,5,1,1658041181855,NULL,0,0,128),(637,5,1,1658041182555,NULL,0,0,128),(638,5,1,1658041183255,NULL,0,0,128),(639,5,1,1658041183955,NULL,0,0,128),(640,5,1,1658041184655,NULL,0,0,128),(641,5,1,1658041185355,NULL,0,0,129),(642,5,1,1658041186055,NULL,0,0,129),(643,5,1,1658041186755,NULL,0,0,129),(644,5,1,1658041187455,NULL,0,0,129),(645,5,1,1658041188155,NULL,0,0,129),(646,5,1,1658041188855,NULL,0,0,130),(647,5,1,1658041189555,NULL,0,0,130),(648,5,1,1658041190255,NULL,0,0,130),(649,5,1,1658041190955,NULL,0,0,130),(650,5,1,1658041191655,NULL,0,0,130),(651,5,1,1658041192355,NULL,0,0,131),(652,5,1,1658041193055,NULL,0,0,131),(653,5,1,1658041193755,NULL,0,0,131),(654,5,1,1658041194455,NULL,0,0,131),(655,5,1,1658041195155,NULL,0,0,131),(656,5,1,1658041195855,NULL,0,0,132),(657,5,1,1658041196555,NULL,0,0,132),(658,5,1,1658041197255,NULL,0,0,132),(659,5,1,1658041197955,NULL,0,0,132),(660,5,1,1658041198655,NULL,0,0,132),(661,5,1,1658041199355,NULL,0,0,133),(662,5,1,1658041200055,NULL,0,0,133),(663,5,1,1658041200755,NULL,0,0,133),(664,5,1,1658041201455,NULL,0,0,133),(665,5,1,1658041202155,NULL,0,0,133),(666,5,1,1658041202855,NULL,0,0,134),(667,5,1,1658041203555,NULL,0,0,134),(668,5,1,1658041204255,NULL,0,0,134),(669,5,1,1658041204955,NULL,0,0,134),(670,5,1,1658041205655,NULL,0,0,134),(671,5,1,1658041206355,NULL,0,0,135),(672,5,1,1658041207055,NULL,0,0,135),(673,5,1,1658041207755,NULL,0,0,135),(674,5,1,1658041208455,NULL,0,0,135),(675,5,1,1658041209155,NULL,0,0,135),(676,5,1,1658041209855,NULL,0,0,136),(677,5,1,1658041210555,NULL,0,0,136),(678,5,1,1658041211255,NULL,0,0,136),(679,5,1,1658041211955,NULL,0,0,136),(680,5,1,1658041212655,NULL,0,0,136),(681,5,1,1658041213355,NULL,0,0,137),(682,5,1,1658041214055,NULL,0,0,137),(683,5,1,1658041214755,NULL,0,0,137),(684,5,1,1658041215455,NULL,0,0,137),(685,5,1,1658041216155,NULL,0,0,137),(686,5,1,1658041216855,NULL,0,0,138),(687,5,1,1658041217555,NULL,0,0,138),(688,5,1,1658041218255,NULL,0,0,138),(689,5,1,1658041218955,NULL,0,0,138),(690,5,1,1658041219655,NULL,0,0,138),(691,5,1,1658041220355,NULL,0,0,139),(692,5,1,1658041221055,NULL,0,0,139),(693,5,1,1658041221755,NULL,0,0,139),(694,5,1,1658041222455,NULL,0,0,139),(695,5,1,1658041223155,NULL,0,0,139),(696,5,1,1658041223855,NULL,0,0,140),(697,5,1,1658041224555,NULL,0,0,140),(698,5,1,1658041225255,NULL,0,0,140),(699,5,1,1658041225955,NULL,0,0,140),(700,5,1,1658041226655,NULL,0,0,140),(701,5,1,1658041227355,NULL,0,0,141),(702,5,1,1658041228055,NULL,0,0,141),(703,5,1,1658041228755,NULL,0,0,141),(704,5,1,1658041229455,NULL,0,0,141),(705,5,1,1658041230155,NULL,0,0,141),(706,5,1,1658041230855,NULL,0,0,142),(707,5,1,1658041231555,NULL,0,0,142),(708,5,1,1658041232255,NULL,0,0,142),(709,5,1,1658041232955,NULL,0,0,142),(710,5,1,1658041233655,NULL,0,0,142),(711,5,1,1658041234355,NULL,0,0,143),(712,5,1,1658041235055,NULL,0,0,143),(713,5,1,1658041235755,NULL,0,0,143),(714,5,1,1658041236455,NULL,0,0,143),(715,5,1,1658041237155,NULL,0,0,143),(716,5,1,1658041237855,NULL,0,0,144),(717,5,1,1658041238555,NULL,0,0,144),(718,5,1,1658041239255,NULL,0,0,144),(719,5,1,1658041239955,NULL,0,0,144),(720,5,1,1658041240655,NULL,0,0,144),(721,5,1,1658041241355,NULL,0,0,145),(722,5,1,1658041242055,NULL,0,0,145),(723,5,1,1658041242755,NULL,0,0,145),(724,5,1,1658041243455,NULL,0,0,145),(725,5,1,1658041244155,NULL,0,0,145),(726,5,1,1658041244855,NULL,0,0,146),(727,5,1,1658041245555,NULL,0,0,146),(728,5,1,1658041246255,NULL,0,0,146),(729,5,1,1658041246955,NULL,0,0,146),(730,5,1,1658041247655,NULL,0,0,146),(731,5,1,1658041248355,NULL,0,0,147),(732,5,1,1658041249055,NULL,0,0,147),(733,5,1,1658041249755,NULL,0,0,147),(734,5,1,1658041250455,NULL,0,0,147),(735,5,1,1658041251155,NULL,0,0,147),(736,5,1,1658041251855,NULL,0,0,148),(737,5,1,1658041252555,NULL,0,0,148),(738,5,1,1658041253255,NULL,0,0,148),(739,5,1,1658041253955,NULL,0,0,148),(740,5,1,1658041254655,NULL,0,0,148),(741,5,1,1658041255355,NULL,0,0,149),(742,5,1,1658041256055,NULL,0,0,149),(743,5,1,1658041256755,NULL,0,0,149),(744,5,1,1658041257455,NULL,0,0,149),(745,5,1,1658041258155,NULL,0,0,149),(746,5,1,1658041258855,NULL,0,0,150),(747,5,1,1658041259555,NULL,0,0,150),(748,5,1,1658041260255,NULL,0,0,150),(749,5,1,1658041260955,NULL,0,0,150),(750,5,1,1658041261655,NULL,0,0,150),(751,5,1,1658041262355,NULL,0,0,151),(752,5,1,1658041263055,NULL,0,0,151),(753,5,1,1658041263755,NULL,0,0,151),(754,5,1,1658041264455,NULL,0,0,151),(755,5,1,1658041265155,NULL,0,0,151),(756,5,1,1658041265855,NULL,0,0,152),(757,5,1,1658041266555,NULL,0,0,152),(758,5,1,1658041267255,NULL,0,0,152),(759,5,1,1658041267955,NULL,0,0,152),(760,5,1,1658041268655,NULL,0,0,152),(761,5,1,1658041269355,NULL,0,0,153),(762,5,1,1658041270055,NULL,0,0,153),(763,5,1,1658041270755,NULL,0,0,153),(764,5,1,1658041271455,NULL,0,0,153),(765,5,1,1658041272155,NULL,0,0,153),(766,5,1,1658041272855,NULL,0,0,154),(767,5,1,1658041273555,NULL,0,0,154),(768,5,1,1658041274255,NULL,0,0,154),(769,5,1,1658041274955,NULL,0,0,154),(770,5,1,1658041275655,NULL,0,0,154),(771,5,1,1658041276355,NULL,0,0,155),(772,5,1,1658041277055,NULL,0,0,155),(773,5,1,1658041277755,NULL,0,0,155),(774,5,1,1658041278455,NULL,0,0,155),(775,5,1,1658041279155,NULL,0,0,155),(776,5,1,1658041279855,NULL,0,0,156),(777,5,1,1658041280555,NULL,0,0,156),(778,5,1,1658041281255,NULL,0,0,156),(779,5,1,1658041281955,NULL,0,0,156),(780,5,1,1658041282655,NULL,0,0,156),(781,5,1,1658041283355,NULL,0,0,157),(782,5,1,1658041284055,NULL,0,0,157),(783,5,1,1658041284755,NULL,0,0,157),(784,5,1,1658041285455,NULL,0,0,157),(785,5,1,1658041286155,NULL,0,0,157),(786,5,1,1658041286855,NULL,0,0,158),(787,5,1,1658041287555,NULL,0,0,158),(788,5,1,1658041288255,NULL,0,0,158),(789,5,1,1658041288955,NULL,0,0,158),(790,5,1,1658041289655,NULL,0,0,158),(791,5,1,1658041290355,NULL,0,0,159),(792,5,1,1658041291055,NULL,0,0,159),(793,5,1,1658041291755,NULL,0,0,159),(794,5,1,1658041292455,NULL,0,0,159),(795,5,1,1658041293155,NULL,0,0,159),(796,5,1,1658041293855,NULL,0,0,160),(797,5,1,1658041294555,NULL,0,0,160),(798,5,1,1658041295255,NULL,0,0,160),(799,5,1,1658041295955,NULL,0,0,160),(800,5,1,1658041296655,NULL,0,0,160),(801,5,1,1658041297355,NULL,0,0,161),(802,5,1,1658041298055,NULL,0,0,161),(803,5,1,1658041298755,NULL,0,0,161),(804,5,1,1658041299455,NULL,0,0,161),(805,5,1,1658041300155,NULL,0,0,161),(806,5,1,1658041300855,NULL,0,0,162),(807,5,1,1658041301555,NULL,0,0,162),(808,5,1,1658041302255,NULL,0,0,162),(809,5,1,1658041302955,NULL,0,0,162),(810,5,1,1658041303655,NULL,0,0,162),(811,5,1,1658041304355,NULL,0,0,163),(812,5,1,1658041305055,NULL,0,0,163),(813,5,1,1658041305755,NULL,0,0,163),(814,5,1,1658041306455,NULL,0,0,163),(815,5,1,1658041307155,NULL,0,0,163),(816,5,1,1658041307855,NULL,0,0,164),(817,5,1,1658041308555,NULL,0,0,164),(818,5,1,1658041309255,NULL,0,0,164),(819,5,1,1658041309955,NULL,0,0,164),(820,5,1,1658041310655,NULL,0,0,164),(821,5,1,1658041311355,NULL,0,0,165),(822,5,1,1658041312055,NULL,0,0,165),(823,5,1,1658041312755,NULL,0,0,165),(824,5,1,1658041313455,NULL,0,0,165),(825,5,1,1658041314155,NULL,0,0,165),(826,5,1,1658041314855,NULL,0,0,166),(827,5,1,1658041315555,NULL,0,0,166),(828,5,1,1658041316255,NULL,0,0,166),(829,5,1,1658041316955,NULL,0,0,166),(830,5,1,1658041317655,NULL,0,0,166),(831,5,1,1658041318355,NULL,0,0,167),(832,5,1,1658041319055,NULL,0,0,167),(833,5,1,1658041319755,NULL,0,0,167),(834,5,1,1658041320455,NULL,0,0,167),(835,5,1,1658041321155,NULL,0,0,167),(836,5,1,1658041321855,NULL,0,0,168),(837,5,1,1658041322555,NULL,0,0,168),(838,5,1,1658041323255,NULL,0,0,168),(839,5,1,1658041323955,NULL,0,0,168),(840,5,1,1658041324655,NULL,0,0,168),(841,5,1,1658041325355,NULL,0,0,169),(842,5,1,1658041326055,NULL,0,0,169),(843,5,1,1658041326755,NULL,0,0,169),(844,5,1,1658041327455,NULL,0,0,169),(845,5,1,1658041328155,NULL,0,0,169),(846,5,1,1658041328855,NULL,0,0,170),(847,5,1,1658041329555,NULL,0,0,170),(848,5,1,1658041330255,NULL,0,0,170),(849,5,1,1658041330955,NULL,0,0,170),(850,5,1,1658041331655,NULL,0,0,170),(851,5,1,1658041332355,NULL,0,0,171),(852,5,1,1658041333055,NULL,0,0,171),(853,5,1,1658041333755,NULL,0,0,171),(854,5,1,1658041334455,NULL,0,0,171),(855,5,1,1658041335155,NULL,0,0,171),(856,5,1,1658041335855,NULL,0,0,172),(857,5,1,1658041336555,NULL,0,0,172),(858,5,1,1658041337255,NULL,0,0,172),(859,5,1,1658041337955,NULL,0,0,172),(860,5,1,1658041338655,NULL,0,0,172),(861,5,1,1658041339355,NULL,0,0,173),(862,5,1,1658041340055,NULL,0,0,173),(863,5,1,1658041340755,NULL,0,0,173),(864,5,1,1658041341455,NULL,0,0,173),(865,5,1,1658041342155,NULL,0,0,173),(866,5,1,1658041342855,NULL,0,0,174),(867,5,1,1658041343555,NULL,0,0,174),(868,5,1,1658041344255,NULL,0,0,174),(869,5,1,1658041344955,NULL,0,0,174),(870,5,1,1658041345655,NULL,0,0,174),(871,5,1,1658041346355,NULL,0,0,175),(872,5,1,1658041347055,NULL,0,0,175),(873,5,1,1658041347755,NULL,0,0,175),(874,5,1,1658041348455,NULL,0,0,175),(875,5,1,1658041349155,NULL,0,0,175),(876,5,1,1658041349855,NULL,0,0,176),(877,5,1,1658041350555,NULL,0,0,176),(878,5,1,1658041351255,NULL,0,0,176),(879,5,1,1658041351955,NULL,0,0,176),(880,5,1,1658041352655,NULL,0,0,176),(881,5,1,1658041353355,NULL,0,0,177),(882,5,1,1658041354055,NULL,0,0,177),(883,5,1,1658041354755,NULL,0,0,177),(884,5,1,1658041355455,NULL,0,0,177),(885,5,1,1658041356155,NULL,0,0,177),(886,5,1,1658041356855,NULL,0,0,178),(887,5,1,1658041357555,NULL,0,0,178),(888,5,1,1658041358255,NULL,0,0,178),(889,5,1,1658041358955,NULL,0,0,178),(890,5,1,1658041359655,NULL,0,0,178),(891,5,1,1658041360355,NULL,0,0,179),(892,5,1,1658041361055,NULL,0,0,179),(893,5,1,1658041361755,NULL,0,0,179),(894,5,1,1658041362455,NULL,0,0,179),(895,5,1,1658041363155,NULL,0,0,179),(896,5,1,1658041363855,NULL,0,0,180),(897,5,1,1658041364555,NULL,0,0,180),(898,5,1,1658041365255,NULL,0,0,180),(899,5,1,1658041365955,NULL,0,0,180),(900,5,1,1658041366655,NULL,0,0,180),(901,5,1,1658041367355,NULL,0,0,181),(902,5,1,1658041368055,NULL,0,0,181),(903,5,1,1658041368755,NULL,0,0,181),(904,5,1,1658041369455,NULL,0,0,181),(905,5,1,1658041370155,NULL,0,0,181),(906,5,1,1658041370855,NULL,0,0,182),(907,5,1,1658041371555,NULL,0,0,182),(908,5,1,1658041372255,NULL,0,0,182),(909,5,1,1658041372955,NULL,0,0,182),(910,5,1,1658041373655,NULL,0,0,182),(911,5,1,1658041374355,NULL,0,0,183),(912,5,1,1658041375055,NULL,0,0,183),(913,5,1,1658041375755,NULL,0,0,183),(914,5,1,1658041376455,NULL,0,0,183),(915,5,1,1658041377155,NULL,0,0,183),(916,5,1,1658041377855,NULL,0,0,184),(917,5,1,1658041378555,NULL,0,0,184),(918,5,1,1658041379255,NULL,0,0,184),(919,5,1,1658041379955,NULL,0,0,184),(920,5,1,1658041380655,NULL,0,0,184),(921,5,1,1658041381355,NULL,0,0,185),(922,5,1,1658041382055,NULL,0,0,185),(923,5,1,1658041382755,NULL,0,0,185),(924,5,1,1658041383455,NULL,0,0,185),(925,5,1,1658041384155,NULL,0,0,185),(926,5,1,1658041384855,NULL,0,0,186),(927,5,1,1658041385555,NULL,0,0,186),(928,5,1,1658041386255,NULL,0,0,186),(929,5,1,1658041386955,NULL,0,0,186),(930,5,1,1658041387655,NULL,0,0,186),(931,5,1,1658041388355,NULL,0,0,187),(932,5,1,1658041389055,NULL,0,0,187),(933,5,1,1658041389755,NULL,0,0,187),(934,5,1,1658041390455,NULL,0,0,187),(935,5,1,1658041391155,NULL,0,0,187),(936,5,1,1658041391855,NULL,0,0,188),(937,5,1,1658041392555,NULL,0,0,188),(938,5,1,1658041393255,NULL,0,0,188),(939,5,1,1658041393955,NULL,0,0,188),(940,5,1,1658041394655,NULL,0,0,188),(941,5,1,1658041395355,NULL,0,0,189),(942,5,1,1658041396055,NULL,0,0,189),(943,5,1,1658041396755,NULL,0,0,189),(944,5,1,1658041397455,NULL,0,0,189),(945,5,1,1658041398155,NULL,0,0,189),(946,5,1,1658041398855,NULL,0,0,190),(947,5,1,1658041399555,NULL,0,0,190),(948,5,1,1658041400255,NULL,0,0,190),(949,5,1,1658041400955,NULL,0,0,190),(950,5,1,1658041401655,NULL,0,0,190),(951,5,1,1658041402355,NULL,0,0,191),(952,5,1,1658041403055,NULL,0,0,191),(953,5,1,1658041403755,NULL,0,0,191),(954,5,1,1658041404455,NULL,0,0,191),(955,5,1,1658041405155,NULL,0,0,191),(956,5,1,1658041405855,NULL,0,0,192),(957,5,1,1658041406555,NULL,0,0,192),(958,5,1,1658041407255,NULL,0,0,192),(959,5,1,1658041407955,NULL,0,0,192),(960,5,1,1658041408655,NULL,0,0,192),(961,5,1,1658041409355,NULL,0,0,193),(962,5,1,1658041410055,NULL,0,0,193),(963,5,1,1658041410755,NULL,0,0,193),(964,5,1,1658041411455,NULL,0,0,193),(965,5,1,1658041412155,NULL,0,0,193),(966,5,1,1658041412855,NULL,0,0,194),(967,5,1,1658041413555,NULL,0,0,194),(968,5,1,1658041414255,NULL,0,0,194),(969,5,1,1658041414955,NULL,0,0,194),(970,5,1,1658041415655,NULL,0,0,194),(971,5,1,1658041416355,NULL,0,0,195),(972,5,1,1658041417055,NULL,0,0,195),(973,5,1,1658041417755,NULL,0,0,195),(974,5,1,1658041418455,NULL,0,0,195),(975,5,1,1658041419155,NULL,0,0,195),(976,5,1,1658041419855,NULL,0,0,196),(977,5,1,1658041420555,NULL,0,0,196),(978,5,1,1658041421255,NULL,0,0,196),(979,5,1,1658041421955,NULL,0,0,196),(980,5,1,1658041422655,NULL,0,0,196),(981,5,1,1658041423355,NULL,0,0,197),(982,5,1,1658041424055,NULL,0,0,197),(983,5,1,1658041424755,NULL,0,0,197),(984,5,1,1658041425455,NULL,0,0,197),(985,5,1,1658041426155,NULL,0,0,197),(986,5,1,1658041426855,NULL,0,0,198),(987,5,1,1658041427555,NULL,0,0,198),(988,5,1,1658041428255,NULL,0,0,198),(989,5,1,1658041428955,NULL,0,0,198),(990,5,1,1658041429655,NULL,0,0,198),(991,5,1,1658041430355,NULL,0,0,199),(992,5,1,1658041431055,NULL,0,0,199),(993,5,1,1658041431755,NULL,0,0,199),(994,5,1,1658041432455,NULL,0,0,199),(995,5,1,1658041433155,NULL,0,0,199),(996,5,1,1658041433855,NULL,0,0,200),(997,5,1,1658041434555,NULL,0,0,200),(998,5,1,1658041435255,NULL,0,0,200),(999,5,1,1658041435955,NULL,0,0,200),(1000,5,1,1658041436655,NULL,0,0,200),(1002,5,3,1658061250701,NULL,0,0,2),(1003,5,3,1658061266519,NULL,0,0,3),(1004,5,3,1658061275075,NULL,0,0,4),(1005,5,3,1658061287251,NULL,0,0,5),(1006,5,3,1658061297440,NULL,0,0,6),(1007,5,3,1658061303799,NULL,0,0,7),(1008,6,4,1658061347197,NULL,0,0,1),(1009,6,4,1658061352015,NULL,0,0,2),(1010,6,4,1658061366198,NULL,0,0,3),(1011,6,4,1658061367662,NULL,0,0,3),(1012,6,4,1658061397812,NULL,0,0,4),(1013,6,4,1658061404025,NULL,0,0,5),(1014,6,4,1658061410012,NULL,0,0,6),(1015,6,4,1658061419307,NULL,0,0,7),(1016,7,5,1658061515927,NULL,0,0,1),(1017,7,5,1658061516284,NULL,0,0,1),(1018,7,5,1658061523652,NULL,0,0,2);
/*!40000 ALTER TABLE `messages` ENABLE KEYS */;
UNLOCK TABLES;

--
-- Table structure for table `pictures`
--

DROP TABLE IF EXISTS `pictures`;
/*!40101 SET @saved_cs_client     = @@character_set_client */;
/*!50503 SET character_set_client = utf8mb4 */;
CREATE TABLE `pictures` (
  `id` int unsigned NOT NULL AUTO_INCREMENT,
  `source` varchar(255) NOT NULL COMMENT 'room or user',
  `source_id` int NOT NULL,
  `type` varchar(30) NOT NULL COMMENT 'compress or original',
  `image` varchar(255) NOT NULL,
  `storage_type` varchar(45) NOT NULL,
  `preset` int NOT NULL,
  PRIMARY KEY (`id`)
) ENGINE=InnoDB AUTO_INCREMENT=20 DEFAULT CHARSET=utf8mb4 COLLATE=utf8mb4_0900_ai_ci;
/*!40101 SET character_set_client = @saved_cs_client */;

--
-- Dumping data for table `pictures`
--

LOCK TABLES `pictures` WRITE;
/*!40000 ALTER TABLE `pictures` DISABLE KEYS */;
INSERT INTO `pictures` VALUES (1,'user',1,'picture','1658039525703','original',0),(2,'user',1,'background','1658039525839','original',0),(3,'user',2,'picture','1658035151339','original',0),(4,'user',2,'background','sunset.jpg','original',1),(5,'user',3,'picture','1658035216519','original',0),(6,'user',3,'background','sunset.jpg','original',1),(7,'user',5,'picture','1658039669138','original',0),(8,'user',5,'background','sunset.jpg','original',1),(9,'room',1,'picture','1658040606220','original',0),(10,'room',2,'picture','1658040731341','original',0),(11,'room',3,'picture','dogee.png','original',1),(12,'user',6,'picture','1658042395430','original',0),(13,'user',6,'background','sunset.jpg','original',1),(14,'room',4,'picture','dogee.png','original',1),(15,'user',7,'picture','1658042479748','original',0),(16,'user',7,'background','sunset.jpg','original',1),(17,'room',5,'picture','dogee.png','original',1),(18,'user',8,'picture','1658043174647','original',0),(19,'user',8,'background','sunset.jpg','original',1);
/*!40000 ALTER TABLE `pictures` ENABLE KEYS */;
UNLOCK TABLES;

--
-- Table structure for table `room_members`
--

DROP TABLE IF EXISTS `room_members`;
/*!40101 SET @saved_cs_client     = @@character_set_client */;
/*!50503 SET character_set_client = utf8mb4 */;
CREATE TABLE `room_members` (
  `id` int unsigned NOT NULL AUTO_INCREMENT,
  `room_id` int NOT NULL,
  `user_id` int NOT NULL,
  PRIMARY KEY (`id`)
) ENGINE=InnoDB AUTO_INCREMENT=12 DEFAULT CHARSET=utf8mb4 COLLATE=utf8mb4_0900_ai_ci;
/*!40101 SET character_set_client = @saved_cs_client */;

--
-- Dumping data for table `room_members`
--

LOCK TABLES `room_members` WRITE;
/*!40000 ALTER TABLE `room_members` DISABLE KEYS */;
INSERT INTO `room_members` VALUES (1,1,1),(2,1,5),(3,2,1),(4,3,1),(5,3,5),(6,4,1),(7,4,6),(8,5,1),(9,5,7),(10,2,2),(11,2,3);
/*!40000 ALTER TABLE `room_members` ENABLE KEYS */;
UNLOCK TABLES;

--
-- Table structure for table `rooms`
--

DROP TABLE IF EXISTS `rooms`;
/*!40101 SET @saved_cs_client     = @@character_set_client */;
/*!50503 SET character_set_client = utf8mb4 */;
CREATE TABLE `rooms` (
  `id` int unsigned NOT NULL AUTO_INCREMENT,
  `name` varchar(30) NOT NULL,
  `host_id` int NOT NULL,
  `type` varchar(45) NOT NULL,
  PRIMARY KEY (`id`)
) ENGINE=InnoDB AUTO_INCREMENT=6 DEFAULT CHARSET=utf8mb4 COLLATE=utf8mb4_0900_ai_ci;
/*!40101 SET character_set_client = @saved_cs_client */;

--
-- Dumping data for table `rooms`
--

LOCK TABLES `rooms` WRITE;
/*!40000 ALTER TABLE `rooms` DISABLE KEYS */;
INSERT INTO `rooms` VALUES (1,'Javascript',1,'public'),(2,'WebRTC',1,'public'),(3,'1/5',1,'private'),(4,'1/6',1,'private'),(5,'1/7',1,'private');
/*!40000 ALTER TABLE `rooms` ENABLE KEYS */;
UNLOCK TABLES;

--
-- Table structure for table `stream_members`
--

DROP TABLE IF EXISTS `stream_members`;
/*!40101 SET @saved_cs_client     = @@character_set_client */;
/*!50503 SET character_set_client = utf8mb4 */;
CREATE TABLE `stream_members` (
  `id` int NOT NULL AUTO_INCREMENT,
  `channel_id` int NOT NULL,
  `user_id` int NOT NULL,
  `socket_id` varchar(255) NOT NULL,
  PRIMARY KEY (`id`)
) ENGINE=InnoDB DEFAULT CHARSET=utf8mb4 COLLATE=utf8mb4_0900_ai_ci;
/*!40101 SET character_set_client = @saved_cs_client */;

--
-- Dumping data for table `stream_members`
--

LOCK TABLES `stream_members` WRITE;
/*!40000 ALTER TABLE `stream_members` DISABLE KEYS */;
/*!40000 ALTER TABLE `stream_members` ENABLE KEYS */;
UNLOCK TABLES;

--
-- Table structure for table `user_read_status`
--

DROP TABLE IF EXISTS `user_read_status`;
/*!40101 SET @saved_cs_client     = @@character_set_client */;
/*!50503 SET character_set_client = utf8mb4 */;
CREATE TABLE `user_read_status` (
  `id` int unsigned NOT NULL AUTO_INCREMENT,
  `user_id` int NOT NULL,
  `room_id` int NOT NULL,
  `channel_id` int NOT NULL,
  `message_id` int NOT NULL,
  PRIMARY KEY (`id`)
) ENGINE=InnoDB AUTO_INCREMENT=12 DEFAULT CHARSET=utf8mb4 COLLATE=utf8mb4_0900_ai_ci;
/*!40101 SET character_set_client = @saved_cs_client */;

--
-- Dumping data for table `user_read_status`
--

LOCK TABLES `user_read_status` WRITE;
/*!40000 ALTER TABLE `user_read_status` DISABLE KEYS */;
INSERT INTO `user_read_status` VALUES (1,1,1,1,500),(2,5,3,3,1007),(3,6,4,4,1015),(4,7,5,5,1018);
/*!40000 ALTER TABLE `user_read_status` ENABLE KEYS */;
UNLOCK TABLES;

--
-- Table structure for table `users`
--

DROP TABLE IF EXISTS `users`;
/*!40101 SET @saved_cs_client     = @@character_set_client */;
/*!50503 SET character_set_client = utf8mb4 */;
CREATE TABLE `users` (
  `id` int unsigned NOT NULL AUTO_INCREMENT,
  `name` varchar(255) NOT NULL,
  `email` varchar(255) NOT NULL,
  `password` varchar(255) NOT NULL,
  `introduction` varchar(255) NOT NULL,
  `online` int NOT NULL COMMENT '0 is offline, 1 is online',
  `last_login` bigint NOT NULL,
  PRIMARY KEY (`id`),
  UNIQUE KEY `email_UNIQUE` (`email`)
) ENGINE=InnoDB AUTO_INCREMENT=9 DEFAULT CHARSET=utf8mb4 COLLATE=utf8mb4_0900_ai_ci;
/*!40101 SET character_set_client = @saved_cs_client */;

--
-- Dumping data for table `users`
--

LOCK TABLES `users` WRITE;
/*!40000 ALTER TABLE `users` DISABLE KEYS */;
INSERT INTO `users` VALUES (1,'Harry','test123@test.com','$2a$10$rNHRVHhVbLQUO4RV.oP7/.dR98ZW/QWWbr7OuwjaED1gTWvLkNHpS','No content',1,1658062301953),(2,'Banana','test1234@test.com','$2a$10$J71GmuFKHGik3ymf19ul/epF.0cNjYWmPAuCQIqqrNHpcgf/fBOlK','No content',0,1658042522415),(3,'Sinchen','test12345@test.com','$2a$10$nMhkBevWSmjAXQqu6T1w2OknFTfbizoIHsK9y3tAKbGE.WSfxYbgm','No content',0,1658042559560),(5,'Ron','test124@test.com','$2a$10$GVZr2b73o0m6ueDqcS0QQOKOTAezeZK0Q9t7u1mO2EL4W4W6LC8oi','No content',1,1658061815570),(6,'Hermione','test125@test.com','$2a$10$EFvvgmCu99PtRishb9nC1.iUYInxq3DS55A/eO2AkAmPCtc4HWju6','No content',0,1658061806785),(7,'Hagrid','test126@test.com','$2a$10$6HYtF6R7/f8Vpc4BakSlXuYDl7A5tcYfA8a1tfzm/OEB8qHzxcQ86','No content',0,1658061433779),(8,'Sully','test127@test.com','$2a$10$dC/KufG.KQJP.KJOwb1T5.6We6XDa292XhyDtNQ.b/MkUjGv0mBP2','No content',0,1658043165888);
/*!40000 ALTER TABLE `users` ENABLE KEYS */;
UNLOCK TABLES;
-- SET @@SESSION.SQL_LOG_BIN = @MYSQLDUMP_TEMP_LOG_BIN;
/*!40103 SET TIME_ZONE=@OLD_TIME_ZONE */;

/*!40101 SET SQL_MODE=@OLD_SQL_MODE */;
/*!40014 SET FOREIGN_KEY_CHECKS=@OLD_FOREIGN_KEY_CHECKS */;
/*!40014 SET UNIQUE_CHECKS=@OLD_UNIQUE_CHECKS */;
/*!40101 SET CHARACTER_SET_CLIENT=@OLD_CHARACTER_SET_CLIENT */;
/*!40101 SET CHARACTER_SET_RESULTS=@OLD_CHARACTER_SET_RESULTS */;
/*!40101 SET COLLATION_CONNECTION=@OLD_COLLATION_CONNECTION */;
/*!40111 SET SQL_NOTES=@OLD_SQL_NOTES */;

-- Dump completed on 2022-07-17 20:54:38
